"Id","Name","Branche","Adresse","PLZ","Stadt","Land","E-Mail","Tel","Fax"
1,"AKV Europa","Auskunfteien","Schleifmühlgasse 2",1040,"Wien","Österreich","office@akveuropa.at","+435041000","+435041001522"
2,"KSV1870 Information GmbH","Auskunfteien","Wagenseilgasse 7",1120,"Wien","Österreich","ksv@ksv.at","+43501870","+43501870991000"
3,"Creditreform Wirtschaftsauskunftei Kubicki KG","Auskunfteien","Muthgasse 36-40/Bauteil 4",1190,"Wien","Österreich","creditreform@wien.creditreform.at","+43121862200","+43121862204"
4,"Aktiv Inkasso e.U.","Auskunfteien","Walfischgasse 6/1",1010,"Wien","Österreich","erfolg@aktivinkasso.at","+436606300000",
5,"Auskunftei Lux staatl konz cand jur K.G. WRBA","Auskunfteien","Grünentorgasse 29/13",1090,"Wien","Österreich","wrba@a1.net","+4313151939",
6,"AVS Betriebsorganisation GesmbH","Auskunfteien","Hebbelplatz 5",1100,"Wien","Österreich","austria@avs-europe.com","+4316045858","+4316039595"
7,"Bisnode Austria GmbH","Auskunfteien","Geiselbergstraße 17-19/3/5",1110,"Wien","Österreich","office.at@bisnode.com","+431588610","+431588613333"
8,"Bisnode D&B Austria GmbH","Auskunfteien","Geiselbergstraße 17-19/3/5",1110,"Wien","Österreich","office@bisnode.com","+431588610","+431588613333"
9,"Coface Central Europe Holding AG","Auskunfteien","Marxergasse 4",1030,"Wien","Österreich","office@cofacecentraleurope.com","+431515540","+4315124415"
10,"Eder Christian Auskunftei GmbH","Auskunfteien","Wallackstraße 17",5671,"Bruck an der Großglocknerstraße","Österreich","christian.eder@sbg.at","+436644302981","+4365456048"
11,"Fair Use Auskunftei GmbH","Auskunfteien","Metzgerstraße 54",5020,"Salzburg","Österreich","office@fair-use.at","+43662451540",
12,"Mobilitätszentrale Burgenland","Auskunfteien","Domplatz 26",7000,"Eisenstadt","Österreich","office@b-mobil.info","+43268221070",
13,"payolution GmbH","Auskunfteien","Am Euro-Platz 2",1120,"Wien","Österreich","office@payolution.com","+4312360230",
14,"PROINFORM Wirtschaftsinformationen GmbH","Auskunfteien","Alter Markt 37,",5211,"Lengau","Österreich","info@proinform.at","+4377463854",
15,"CRIF GmbH","Auskunfteien","Diefenbachgasse 35",1150,"Wien","Österreich","auskunft@crif.com","+431897424428","+431897424431"
16,"infoscore austria gmbh","Auskunfteien","Weyringergasse 1",1040,"Wien","Österreich","info@infoscore.at","+43150364090","+4315036490968"
17,"Wiener Linien GmbH & Co KG","Verkehr","Erdbergstraße 202",1031,"Wien","Österreich",,,
18,"Österreichische Post AG ","Zustellung","Haidingergasse 1",1030,"Wien","Österreich",,,
19,"Billa AG","Kundenkarte",,,,"Österreich",,,
20,"MERKUR Warenhandels AG","Kundenkarte",,,,"Österreich",,,
21,"BIPA Parfümerien GmbH","Kundenkarte",,,,"Österreich",,,
22,"dm","Kundenkarte",,,,"Österreich",,,
23,"Dorotheum","Kundenkarte",,,,"Österreich",,,
24,"Conrad","Kundenkarte",,,,"Österreich",,,
25,"Lieb Markt","Kundenkarte",,,,"Österreich",,,
26,"Tchibo Eduscho","Kundenkarte",,,,"Österreich",,,
27,"Libro","Kundenkarte",,,,"Österreich",,,
28,"XXXLutz","Kundenkarte",,,,"Österreich",,,
29,"Strandmeister","Kundenkarte",,,,"Österreich",,,
30,"Obi","Kundenkarte",,,,"Österreich",,,
31,"Hartlauer","Kundenkarte",,,,"Österreich",,,
32,"Peek & Cloppenburg","Kundenkarte",,,,"Österreich",,,
33,"Hervis Sports","Kundenkarte",,,,"Österreich",,,
34,"Breddys","Kundenkarte",,,,"Österreich",,,
35,"IKEA Family","Kundenkarte",,,,"Österreich",,,
36,"Penny Markt","Kundenkarte",,,,"Österreich",,,
37,"Cineplexx","Kundenkarte",,,,"Österreich",,,
38,"Deichmann","Kundenkarte",,,,"Österreich",,,
39,"denn's","Kundenkarte",,,,"Österreich",,,
40,"ÖBB Personenverkehrs AG","Verkehr",,,,"Österreich",,,
41,"H&M","Kundenkarte",,,,"Österreich",,,
42,"Libro","Kundenkarte",,,,"Österreich",,,
43,"McDonalds","Kundenkarte",,,,"Österreich",,,
44,"A1","Mobilfunk",,,,"Österreich",,,
45,"bob","Mobilfunk",,,,"Österreich",,,
46,"Drei","Mobilfunk",,,,"Österreich",,,
47,"educom","Mobilfunk",,,,"Österreich",,,
48,"eety","Mobilfunk",,,,"Österreich",,,
49,"Ge org!","Mobilfunk",,,,"Österreich",,,
50,"HoT","Mobilfunk",,,,"Österreich",,,
51,"Red Bull Mobile","Mobilfunk",,,,"Österreich",,,
52,"spusu","Mobilfunk",,,,"Österreich",,,
53,"T-Mobile","Mobilfunk",,,,"Österreich",,,
54,"tele.ring","Mobilfunk",,,,"Österreich",,,
55,"UPC Mobile","Mobilfunk",,,,"Österreich",,,
56,"Yesss","Mobilfunk",,,,"Österreich",,,
57,"car2go","Verkehr",,,,"Österreich",,,
58,"VOR Verkehrsverbund Ost Region","Verkehr",,,,"Österreich",,,
59,"OOE Oberösterreichischer Verkehrsverbund","Verkehr",,,,"Österreich",,,
60,"zipcar","Verkehr",,,,"Österreich",,,
61,"Verkehrsverbund Tirol","Verkehr",,,,"Österreich",,,
62,"Verkehrsverbund Vorarlberg","Verkehr",,,,"Österreich",,,
63,"VVNB","Verkehr",,,,"Österreich",,,
64,"Verkehrsverbund Steiermark","Verkehr",,,,"Österreich",,,
65,"AAE","Energieversorger",,,,"Österreich",,,
66,"E wie Einfach","Energieversorger",,,,"Österreich",,,
67,"E-Werk Gösting","Energieversorger",,,,"Österreich",,,
68,"E-Werk Gries am Brenner","Energieversorger",,,,"Österreich",,,
69,"E-Werk Wels","Energieversorger",,,,"Österreich",,,
70,"E-Werke Frastanz","Energieversorger",,,,"Österreich",,,
71,"easy green energy","Energieversorger",,,,"Österreich",,,
72,"Enamo Ökostrom","Energieversorger",,,,"Österreich",,,
73,"Energie AG Oberösterreich","Energieversorger",,,,"Österreich",,,
74,"Energie Burgenland","Energieversorger",,,,"Österreich",,,
75,"Energie Graz","Energieversorger",,,,"Österreich",,,
76,"Energie Klagenfurt","Energieversorger",,,,"Österreich",,,
77,"Energie Ried","Energieversorger",,,,"Österreich",,,
78,"Energie Steiermark","Energieversorger",,,,"Österreich",,,
79,"Energieallianz","Energieversorger",,,,"Österreich",,,
80,"erdgas oö.","Energieversorger",,,,"Österreich",,,
81,"EVN","Energieversorger",,,,"Österreich",,,
82,"Fernwärme Wien","Energieversorger",,,,"Österreich",,,
83,"Gastino","Energieversorger",,,,"Österreich",,,
84,"goldgas","Energieversorger",,,,"Österreich",,,
85,"Innsbrucker Kommunalbetriebe","Energieversorger",,,,"Österreich",,,
86,"ista","Energieversorger",,,,"Österreich",,,
87,"Kelag","Energieversorger",,,,"Österreich",,,
88,"Lichtgenossenschaft Neunkirchen","Energieversorger",,,,"Österreich",,,
89,"Linz AG","Energieversorger",,,,"Österreich",,,
90,"Maxenergy","Energieversorger",,,,"Österreich",,,
91,"MeinAlpenStrom","Energieversorger",,,,"Österreich",,,
92,"Montafonerbahn","Energieversorger",,,,"Österreich",,,
93,"Montana","Energieversorger",,,,"Österreich",,,
94,"MyElectric","Energieversorger",,,,"Österreich",,,
95,"Naturkraft","Energieversorger",,,,"Österreich",,,
96,"oekostrom","Energieversorger",,,,"Österreich",,,
97,"PST Energie","Energieversorger",,,,"Österreich",,,
98,"Pullstrom","Energieversorger",,,,"Österreich",,,
99,"Salzburg AG","Energieversorger",,,,"Österreich",,,
100,"schlaustrom","Energieversorger",,,,"Österreich",,,
101,"Stadtbetriebe Steyr","Energieversorger",,,,"Österreich",,,
102,"Stadtwerke Bregenz","Energieversorger",,,,"Österreich",,,
103,"Stadtwerke Feldkirch","Energieversorger",,,,"Österreich",,,
104,"Stadtwerke Hall in Tirol","Energieversorger",,,,"Österreich",,,
105,"Stadtwerke Judenburg","Energieversorger",,,,"Österreich",,,
106,"Stadtwerke Kapfenberg","Energieversorger",,,,"Österreich",,,
107,"Stadtwerke Leoben","Energieversorger",,,,"Österreich",,,
108,"Stadtwerke Schwaz","Energieversorger",,,,"Österreich",,,
109,"Stadtwerke Wörgl","Energieversorger",,,,"Österreich",,,
110,"stromdiskont.at","Energieversorger",,,,"Österreich",,,
111,"switch","Energieversorger",,,,"Österreich",,,
112,"Tigas","Energieversorger",,,,"Österreich",,,
113,"Tiwag","Energieversorger",,,,"Österreich",,,
114,"Unsere Wasserkraft","Energieversorger",,,,"Österreich",,,
115,"Verbund","Energieversorger",,,,"Österreich",,,
116,"VKW","Energieversorger",,,,"Österreich",,,
117,"Voltino","Energieversorger",,,,"Österreich",,,
118,"Vorarlberger Erdgas","Energieversorger",,,,"Österreich",,,
119,"Weizer Naturenergie","Energieversorger",,,,"Österreich",,,
120,"Wien Energie","Energieversorger",,,,"Österreich",,,
121,"Wiener Netze","Energieversorger",,,,"Österreich",,,
