"Firmenname ","Branche","Branche","PLZ","Stadt","Land","E-Mail","Tel","Fax","E-Mail2","Tel2","Fax2"
"Oesterreichische Nationalbank","Zentralbank","Otto-Wagner-Platz 3","1090","Wien",,,,,,,
"Oesterreichische Kontrollbank Aktiengesellschaft","Finanzinstitut","Am Hof 4","1010","Wien",,,,,,,
"Oesterreichische Entwicklungsbank AG","Finanzinstitut","Strauchgasse 1-3","1010","Wien",,,,,,,
"UniCredit Bank Austria AG","Finanzinstitut","Schottengasse 6-8","1010","Wien",,,,,,,
"BAWAG P.S.K. Bank für Arbeit und Wirtschaft und Österreichische Postsparkasse Aktiengesellschaft","Finanzinstitut","Georg-Coch-Platz 2","1018","Wien",,,,,,,
"easybank AG","Finanzinstitut","Quellenstr. 51-55","1100","Wien",,,,,,,
"Oberbank AG","Finanzinstitut","Untere Donaulände 28","4020","Linz/Donau",,,,,,,
"Bank für Tirol und Vorarlberg Aktiengesellschaft","Finanzinstitut","Stadtforum 1","6020","Innsbruck",,,,,,,
"BKS Bank AG","Finanzinstitut","St.Veiter Ring 43","9020","Klagenfurt",,,,,,,
"BNP Paribas SA Niederlassung Österreich","Finanzinstitut","Vordere Zollamtsstraße 13","1030","Wien",,,,,,,
"paybox Bank AG","Finanzinstitut","Lassallestraße 9","1020","Wien",,,,,,,
"Bank für Ärzte und Freie Berufe Aktiengesellschaft","Finanzinstitut","Schottengasse 10","1010","Wien",,,,,,,
"Société Générale Zweigniederlassung Wien","Finanzinstitut","Prinz Eugen-Straße 8-10/5/11","1040","Wien",,,,,,,
"KA Finanz AG","Finanzinstitut","Türkenstr. 9","1090","Wien",,,,,,,
"UniCredit Bank AG, Zweigniederlassung Wien","Finanzinstitut","Julius Tandler-Platz 3","1090","Wien",,,,,,,
"Generali Bank AG","Finanzinstitut","Landskrongasse 1-3","1010","Wien",,,,,,,
"Volkskreditbank AG","Finanzinstitut","Rudigierstr. 5-7","4020","Linz",,,,,,,
"Deutsche Bank Aktiengesellschaft Filiale Wien","Finanzinstitut","Fleischmarkt 1","1010","Wien",,,,,,,
"Brüll Kallmus Bank AG","Finanzinstitut","Burgring 16","8010","Graz",,,,,,,
"Bank Gutmann Aktiengesellschaft","Finanzinstitut","Schwarzenbergplatz 16","1010","Wien",,,,,,,
"Kathrein Privatbank Aktiengesellschaft","Finanzinstitut","Wipplingerstraße 25","1010","Wien",,,,,,,
"PARTNER BANK AKTIENGESELLSCHAFT","Finanzinstitut","Goethestr. 1a","4020","Linz",,,,,,,
"Bankhaus Schelhammer & Schattera Aktiengesellschaft","Finanzinstitut","Goldschmiedg. 3","1010","Wien",,,,,,,
"Schoellerbank Aktiengesellschaft","Finanzinstitut","Renngasse 3","1010","Wien",,,,,,,
"ING-DiBa Austria Niederlassung der ING-DiBa AG","Finanzinstitut","Galaxy Tower, Praterstr. 31","1020","Wien",,,,,,,
"Bank Winter & Co. AG","Finanzinstitut","Singerstraße 10","1010","Wien",,,,,,,
"MEINL BANK Aktiengesellschaft","Finanzinstitut","Bauernmarkt 2","1010","Wien",,,,,,,
"Hellobank BNP Paribas Austria AG","Finanzinstitut","Elisabethstr. 22","5020","Salzburg",,,,,,,
"Joh. Berenberg, Gossler & Co. KG Zweigniederlassung Wien","Finanzinstitut","Schottenring 12","1010","Wien",,,,,,,
"Svenska Handelsbanken AB Niederlassung Wien","Finanzinstitut","Bankgasse 8","1010","Wien",,,,,,,
"Allianz Investmentbank Aktiengesellschaft","Finanzinstitut","Hietzinger Kai 101-105","1130","Wien",,,,,,,
"European American Investment Bank Aktiengesellschaft","Finanzinstitut","Wallnerstraße 4","1010","Wien",,,,,,,
"Autobank Aktiengesellschaft","Finanzinstitut","Ungargasse 64, Stiege 3, Top 403","1030","Wien",,,,,,,
"Bankhaus Denzel Aktiengesellschaft","Finanzinstitut","Erdbergstraße 189-193","1030","Wien",,,,,,,
"BMW Austria Bank GmbH","Finanzinstitut","Siegfried-Marcus-Str. 24","5020","Salzburg",,,,,,,
"MUFG Bank (Europe) N.V. Vienna Branch","Finanzinstitut","Schwarzenbergplatz 5/3.2","1030","Wien",,,,,,,
"Mercedes-Benz Bank GmbH","Finanzinstitut","Himmelreich 1","5020","Salzburg",,,,,,,
"RCI Banque SA, Niederlassung Österreich","Finanzinstitut","Laaer Berg-Straße 64","1100","Wien",,,,,,,
"UBS Europe SE Niederlassung Österreich","Finanzinstitut","Wächtergasse 1","1010","Wien",,,,,,,
"Wiener Privatbank SE","Finanzinstitut","Parkring 12","1010","Wien",,,,,,,
"Liechtensteinische Landesbank (Österreich) AG","Finanzinstitut","Wipplingerstraße 35","1010","Wien",,,,,,,
"LGT Bank AG, Zweigniederlassung Österreich","Finanzinstitut","Bankgasse 9","1010","Wien",,,,,,,
"Credit Suisse (Luxembourg) S.A. Zweigniederlassung Österreich","Finanzinstitut","Kärntner Ring 11-13","1010","Wien",,,,,,,
"biw Bank für Investments und Wertpapiere AG Zweigniederlassung Österreich","Finanzinstitut","Opernring 1/736","1010","Wien",,,,,,,
"Zürcher Kantonalbank Österreich AG","Finanzinstitut","Getreidegasse 10","5020","Salzburg",,,,,,,
"Bankhaus Krentschker & Co. Aktiengesellschaft","Finanzinstitut","Am Eisernen Tor 3","8010","Graz",,,,,,,
"Bankhaus Carl Spängler & Co. Aktiengesellschaft","Finanzinstitut","Schwarzstraße 1","5020","Salzburg",,,,,,,
"CAPITAL BANK - GRAWE GRUPPE AG","Finanzinstitut","Burgring 16","8010","Graz",,,,,,,
"Commerzialbank Mattersburg im Burgenland Aktiengesellschaft","Finanzinstitut","Judengasse 11","7210","Mattersburg",,,,,,,
"DenizBank AG","Finanzinstitut","Thomas-Klestil-Platz 1","1030","Wien",,,,,,,
"Kommunalkredit Austria AG","Finanzinstitut","Türkenstraße 9","1090","Wien",,,,,,,
"Commerzbank AG Niederlassung Wien","Finanzinstitut","Hietzinger Kai 101-105","1130","Wien",,,,,,,
"Steyler Bank GmbH","Finanzinstitut","Gabrielerstraße 171","2340","Mödling",,,,,,,
"VakifBank International AG","Finanzinstitut","Prinz-Eugen-Straße 8-10, Top 17 + Top 18","1040","Wien",,,,,,,
"s Wohnbaubank AG","Finanzinstitut","Am Belvedere 1","1100","Wien",,,,,,,
"Raiffeisen Wohnbaubank Aktiengesellschaft","Finanzinstitut","Mooslackengasse 12","1190","Wien",,,,,,,
"BAWAG P.S.K. Wohnbaubank Aktiengesellschaft","Finanzinstitut","Georg Coch-Platz 2","1018","Wien",,,,,,,
"Santander Consumer Bank GmbH","Finanzinstitut","Wagramer Straße 19","1220","Wien",,,,,,,
"FCA Bank GmbH","Finanzinstitut","Schönbrunner Straße 297-307","1120","Wien",,,,,,,
"Western Union International Bank GmbH","Finanzinstitut","Schubertring 11","1010","Wien",,,,,,,
"Macquarie Bank International Limited, Vienna Branch","Finanzinstitut","Kärntner Straße 28","1010","Wien",,,,,,,
"Raiffeisen Centrobank AG","Finanzinstitut","Tegetthoffstr. 1","1010","Wien",,,,,,,
"VTB Bank (Austria) AG","Finanzinstitut","Parkring 6","1010","Wien",,,,,,,
"Bausparkasse Wüstenrot Aktiengesellschaft","Finanzinstitut","Alpenstraße 70","5020","Salzburg",,,,,,,
"Ford Bank Austria, Zweigniederlassung der FCE BANK PLC","Finanzinstitut","Fürbergstraße 51","5020","Salzburg",,,,,,,
"Banco do Brasil Aktiengesellschaft","Finanzinstitut","Galaxy Tower, Praterstraße 31/4. OG","1020","Wien",,,,,,,
"Deutsche Bank Österreich AG","Finanzinstitut","Stock im Eisen-Platz 3","1010","Wien",,,,,,,
"Erste Group Bank AG","Finanzinstitut","Am Belvedere 1","1100","Wien",,,,,,,
"Erste Bank der oesterreichischen Sparkassen AG","Finanzinstitut","Am Belvedere 1","1100","Wien",,,,,,,
"Die Zweite Wiener Vereins-Sparcasse","Finanzinstitut","Glockengasse 3","1020","Wien",,,,,,,
"Sparkasse der Stadt Amstetten AG","Finanzinstitut","Hauptplatz 31","3300","Amstetten (NÖ)",,,,,,,
"Sparkasse Baden","Finanzinstitut","Hauptplatz 15","2500","Baden bei Wien",,,,,,,
"Sparkasse Hainburg-Bruck-Neusiedl Aktiengesellschaft","Finanzinstitut","Hauptpl. 1","2410","Hainburg an der Donau",,,,,,,
"Sparkasse Haugsdorf","Finanzinstitut","Hauptplatz 1","2054","Haugsdorf",,,,,,,
"Sparkasse Horn-Ravelsbach-Kirchberg Aktiengesellschaft","Finanzinstitut","Kirchenplatz 12","3580","Horn",,,,,,,
"Sparkasse Korneuburg AG","Finanzinstitut","Sparkassenplatz 1","2100","Korneuburg",,,,,,,
"KREMSER BANK UND SPARKASSEN AKTIENGESELLSCHAFT","Finanzinstitut","Ringstraße 5-7","3500","Krems an der Donau",,,,,,,
"Sparkasse Langenlois","Finanzinstitut","Kornplatz 2a","3550","Langenlois",,,,,,,
"Sparkasse Neunkirchen","Finanzinstitut","Hauptplatz 2","2620","Neunkirchen/ NÖ",,,,,,,
"Sparkasse Pottenstein N.Ö.","Finanzinstitut","Hauptplatz 5","2563","Pottenstein a.d. Triesting",,,,,,,
"Sparkasse Poysdorf AG","Finanzinstitut","Dreifaltigkeitsplatz 2","2170","Poysdorf",,,,,,,
"SPARKASSE NIEDERÖSTERREICH MITTE WEST AKTIENGESELLSCHAFT","Finanzinstitut","Domgasse 5","3100","St.Pölten",,,,,,,
"Sparkasse Scheibbs AG","Finanzinstitut","Hauptstraße 9","3270","Scheibbs",,,,,,,
"Wiener Neustädter Sparkasse","Finanzinstitut","Neunkirchnerstraße 4","2700","Wiener Neustadt",,,,,,,
"Waldviertler Sparkasse Bank AG","Finanzinstitut","Sparkassenplatz 3","3910","Zwettl/NÖ",,,,,,,
"SPARKASSE FRANKENMARKT AKTIENGESELLSCHAFT","Finanzinstitut","Hauptstraße 94","4890","Frankenmarkt",,,,,,,
"Sparkasse Salzkammergut AG","Finanzinstitut","Sparkassenplatz 1","4820","Bad Ischl",,,,,,,
"Sparkasse Lambach Bank Aktiengesellschaft","Finanzinstitut","Klosterpl. 3","4650","Lambach",,,,,,,
"Allgemeine Sparkasse Oberösterreich Bankaktiengesellschaft","Finanzinstitut","Promenade 11-13","4020","Linz",,,,,,,
"Sparkasse Neuhofen Bank Aktiengesellschaft","Finanzinstitut","Marktplatz 18","4501","Neuhofen an der Krems",,,,,,,
"Sparkasse Eferding-Peuerbach-Waizenkirchen","Finanzinstitut","Stadtplatz 1","4070","Eferding",,,,,,,
"Sparkasse Pregarten - Unterweißenbach AG","Finanzinstitut","Stadtplatz 19","4230","Pregarten",,,,,,,
"Sparkasse Ried im Innkreis-Haag am Hausruck","Finanzinstitut","Marktplatz 2","4910","Ried/Innkreis",,,,,,,
"Sparkasse Mühlviertel-West Bank Aktiengesellschaft","Finanzinstitut","Stadtplatz 24","4150","Rohrbach-Berg",,,,,,,
"Sparkasse Mittersill Bank AG","Finanzinstitut","Stadtplatz 4","5730","Mittersill",,,,,,,
"Salzburger Sparkasse Bank Aktiengesellschaft","Finanzinstitut","Alter Markt 3","5020","Salzburg",,,,,,,
"Sparkasse Imst AG","Finanzinstitut","Sparkassenplatz 1","6460","Imst",,,,,,,
"Tiroler Sparkasse Bankaktiengesellschaft Innsbruck","Finanzinstitut","Sparkassenplatz 1","6010","Innsbruck",,,,,,,
"Sparkasse der Stadt Kitzbühel","Finanzinstitut","Bahnhofstraße 6","6370","Kitzbühel",,,,,,,
"Sparkasse Kufstein Tiroler Sparkasse von 1877","Finanzinstitut","Oberer Stadtplatz 1","6330","Kufstein",,,,,,,
"Lienzer Sparkasse AG","Finanzinstitut","Johannesplatz 6","9900","Lienz",,,,,,,
"Sparkasse Rattenberg Bank AG","Finanzinstitut","Sparkassenplatz 69","6240","Rattenberg",,,,,,,
"Sparkasse Reutte AG","Finanzinstitut","Obermarkt 51","6600","Reutte",,,,,,,
"Sparkasse Schwaz AG","Finanzinstitut","Franz-Josef-Straße 8-10","6130","Schwaz",,,,,,,
"Sparkasse Bregenz Bank Aktiengesellschaft","Finanzinstitut","Sparkassenplatz 1","6900","Bregenz",,,,,,,
"Dornbirner Sparkasse Bank AG","Finanzinstitut","Bahnhofstraße 2","6850","Dornbirn",,,,,,,
"Sparkasse der Gemeinde Egg","Finanzinstitut","Loco 873","6863","Egg/Vbg.",,,,,,,
"Sparkasse der Stadt Feldkirch","Finanzinstitut","Sparkassenplatz 1","6800","Feldkirch",,,,,,,
"Sparkasse Bludenz Bank AG","Finanzinstitut","Sparkassenplatz 1","6700","Bludenz",,,,,,,
"Sparkasse Feldkirchen/Kärnten","Finanzinstitut","Sparkassenstraße 1 a","9560","Feldkirchen (Ktn.)",,,,,,,
"Kärntner Sparkasse Aktiengesellschaft","Finanzinstitut","Neuer Platz  14","9020","Klagenfurt",,,,,,,
"Steiermärkische Bank und Sparkassen Aktiengesellschaft","Finanzinstitut","Sparkassenplatz 4","8010","Graz",,,,,,,
"Sparkasse Mürzzuschlag Aktiengesellschaft","Finanzinstitut","Wiener Straße 78","8680","Mürzzuschlag",,,,,,,
"Sparkasse Pöllau AG","Finanzinstitut","Hauptplatz 2","8225","Pöllau",,,,,,,
"Sparkasse Voitsberg-Köflach Bankaktiengesellschaft","Finanzinstitut","Bahnhofstraße 2","8570","Voitsberg",,,,,,,
"Bausparkasse der österreichischen Sparkassen Aktiengesellschaft","Finanzinstitut","Am Belvedere 1","1100","Wien",,,,,,,
"Raiffeisen Bank International AG","Finanzinstitut","Am Stadtpark 9","1030","Wien",,,,,,,
"ZUNO BANK AG","Finanzinstitut","Vordere Zollamtsstraße 13/3.OG Top D","1030","Wien",,,,,,,
"Raiffeisen Bausparkasse Gesellschaft m.b.H.","Finanzinstitut","Mooslackengasse 12","1190","Wien",,,,,,,
"Raiffeisen-Leasing Bank Aktiengesellschaft","Finanzinstitut","Mooslackengasse 12","1190","Wien",,,,,,,
"RAIFFEISENLANDESBANK NIEDERÖSTERREICH-WIEN AG","Finanzinstitut","Friedrich-Wilhelm-Raiffeisenplatz 1","1020","Wien",,,,,,,
"Raiffeisenbank Region Wagram eGen","Finanzinstitut","Bahnhofstraße 25","3462","Absdorf",,,,,,,
"Raiffeisenbank Region Amstetten eGen","Finanzinstitut","Raiffeisenplatz 1","3300","Amstetten",,,,,,,
"Raiffeisenbank im Mostviertel Aschbach eGen","Finanzinstitut","Mittlerer Markt 28","3361","Aschbach Markt",,,,,,,
"Raiffeisenbank Auersthal-Bockfließ-Groß Schweinbarth eGen","Finanzinstitut","Hauptstr. 78","2214","Auersthal",,,,,,,
"Raiffeisenbank Region Baden eGen","Finanzinstitut","Raiffeisenplatz 1","2500","Baden bei Wien",,,,,,,
"Raiffeisenkasse Blindenmarkt eGen","Finanzinstitut","Hauptstraße 40","3372","Blindenmarkt",,,,,,,
"Raiffeisenbank Bruck-Carnuntum eGen","Finanzinstitut","Raiffeisenplatz 1","2460","Bruck an der Leitha",,,,,,,
"Raiffeisen-Regionalbank Gänserndorf eGen","Finanzinstitut","Bahnstraße 8","2230","Gänserndorf",,,,,,,
"Raiffeisenkasse Dobersberg-Waldkirchen eGen","Finanzinstitut","Hauptplatz 20","3843","Dobersberg",,,,,,,
"Raiffeisenbank Eggenburg eGen","Finanzinstitut","Hauptplatz 24-26","3730","Eggenburg",,,,,,,
"Raiffeisenbank Thayatal-Mitte eGen","Finanzinstitut","Hauptplatz 11","3820","Raabs an der Thaya",,,,,,,
"Raiffeisenkasse Ernstbrunn eGen","Finanzinstitut","Hauptpl. 11","2115","Ernstbrunn",,,,,,,
"Raiffeisenbank NÖ-Süd Alpin eGen","Finanzinstitut","Bahnstraße 3","2870","Aspang",,,,,,,
"Raiffeisenbank Bernhardsthal - Großkrut - Altlichtenwarth eGen","Finanzinstitut","Poysdorferstr. 3a","2143","Großkrut",,,,,,,
"Raiffeisenkasse Großweikersdorf-Wiesendorf-Ruppersthal eGen","Finanzinstitut","Wiener Straße 3","3701","Großweikersdorf",,,,,,,
"Raiffeisenkasse Günselsdorf eGen","Finanzinstitut","Anton Rauch-Straße 1","2525","Günselsdorf",,,,,,,
"Raiffeisen Regionalbank Mödling eGen","Finanzinstitut","Hauptstraße 27-29","2340","Mödling",,,,,,,
"Raiffeisenbank Seefeld-Hadres eGen","Finanzinstitut","Hauptplatz 103","2061","Hadres",,,,,,,
"Raiffeisenkasse Haidershofen eGen","Finanzinstitut","Haidershofen 100","4431","Haidershofen",,,,,,,
"Raiffeisenkasse Heiligeneich eGen","Finanzinstitut","Raiffeisenplatz 1","3452","Heiligeneich",,,,,,,
"Raiffeisenbank Hollabrunn eGen","Finanzinstitut","Raiffeisenplatz 1","2020","Hollabrunn",,,,,,,
"Raiffeisenbank Klosterneuburg eGen","Finanzinstitut","Rathauspl. 7","3400","Klosterneuburg",,,,,,,
"Raiffeisenkasse Kirchschlag in der Buckligen Welt eGen","Finanzinstitut","Wiener Straße 13","2860","Kirchschlag in d.Buckl.Welt",,,,,,,
"Raiffeisenbank Korneuburg eGen","Finanzinstitut","Stockerauer Straße 94","2100","Korneuburg",,,,,,,
"Raiffeisenbank Krems eGen","Finanzinstitut","Dreifaltigkeitsplatz 8","3500","Krems an der Donau",,,,,,,
"Raiffeisenbank Laa/Thaya eGen","Finanzinstitut","Stadtplatz 56","2136","Laa a.d. Thaya",,,,,,,
"Raiffeisenbank Oberes Waldviertel eGen","Finanzinstitut","Hauptplatz 22","3943","Schrems",,,,,,,
"Raiffeisenbank Langenlois eGen","Finanzinstitut","Kornplatz 9","3550","Langenlois",,,,,,,
"Raiffeisenbank Kreuzenstein eGen","Finanzinstitut","Stockerauerstr. 8-10","2100","Leobendorf",,,,,,,
"Raiffeisenbank Traisen-Gölsental eGen","Finanzinstitut","Babenbergerstraße 5","3180","Lilienfeld",,,,,,,
"Raiffeisenbank Region Schallaburg eGen","Finanzinstitut","Linzer Straße 6","3382","Loosdorf/ Bez. Melk",,,,,,,
"Raiffeisenbank Michelhausen eGen","Finanzinstitut","Tullner Straße 23","3451","Michelhausen",,,,,,,
"Raiffeisenbank im Weinviertel eGen","Finanzinstitut","Hauptpl. 37","2130","Mistelbach",,,,,,,
"Raiffeisenkasse Neusiedl a.d.Zaya eGen","Finanzinstitut","Hauptpl. 3","2183","Neusiedl an der Zaya",,,,,,,
"Raiffeisenbank Region St. Pölten eGen","Finanzinstitut","Europaplatz 7","3100","St. Pölten",,,,,,,
"Raiffeisenbank Gross Gerungs eGen","Finanzinstitut","Hauptplatz 47","3920","Groß Gerungs",,,,,,,
"Raiffeisenkasse Orth a.d. Donau eGen","Finanzinstitut","Am Markt 21","2304","Orth/Donau",,,,,,,
"Raiffeisenbank Ottenschlag-Martinsberg eGen","Finanzinstitut","Oberer Markt 6","3631","Ottenschlag",,,,,,,
"Raiffeisenbank Piestingtal eGen","Finanzinstitut","Marktplatz 8","2753","Piesting (NÖ)",,,,,,,
"Raiffeisenbank Pittental/Bucklige Welt eGen","Finanzinstitut","Raiffeisen-Promenade 201","2823","Pitten",,,,,,,
"Raiffeisenkasse Pottschach registrierte Genossenschaft mit beschränkter Haftung","Finanzinstitut","Pottschacher Straße 8","2630","Ternitz",,,,,,,
"Raiffeisenkasse Poysdorf eGen","Finanzinstitut","Oberer Markt 1","2170","Poysdorf",,,,,,,
"Raiffeisenbank Wienerwald eGen","Finanzinstitut","Hauptstraße 62","3021","Pressbaum",,,,,,,
"Raiffeisenkasse Retz-Pulkautal registrierte Genossenschaft mit beschränkter Haftung","Finanzinstitut","Hauptplatz 33","2070","Retz",,,,,,,
"Raiffeisenbank Herzogenburg-Kapelln eGen","Finanzinstitut","Kremser Straße 12","3130","Herzogenburg",,,,,,,
"Raiffeisenbank Region Schwechat eGen","Finanzinstitut","Bruck-Hainburger Str. 5","2320","Schwechat",,,,,,,
"Raiffeisenbank Stockerau eGen","Finanzinstitut","Rathausplatz 2","2000","Stockerau",,,,,,,
"Raiffeisenbank Neunkirchen - Schwarzatal-Mitte eGen","Finanzinstitut","Raiffeisenstraße 2","2620","Neunkirchen/ NÖ",,,,,,,
"Raiffeisenbank Tulln eGen","Finanzinstitut","Bahnhofstraße 9","3430","Tulln",,,,,,,
"Raiffeisenbank Vitis eGen","Finanzinstitut","Hauptplatz 30","3902","Vitis",,,,,,,
"Raiffeisenbank Waidhofen a. d. Thaya eGen","Finanzinstitut","Raiffeisenpromenade 1","3830","Waidhofen an der Thaya",,,,,,,
"Raiffeisenbank Ybbstal eGen","Finanzinstitut","Oberer Stadtplatz 22","3340","Waidhofen an der Ybbs",,,,,,,
"Raiffeisenbank Oberes Triestingtal eGen","Finanzinstitut","Hauptstraße 9","2564","Weissenbach/T.",,,,,,,
"Raiffeisenregionalbank Wiener Neustadt eGen","Finanzinstitut","Hauptplatz 28","2700","Wiener Neustadt",,,,,,,
"Raiffeisenbank Mittleres Mostviertel eGen","Finanzinstitut","Scheibbser Straße 4","3250","Wieselburg/Erl.",,,,,,,
"Raiffeisenkasse Wiesmath-Hochwolkersdorf eGen","Finanzinstitut","Hauptstraße 12","2811","Wiesmath",,,,,,,
"Raiffeisenbank Wolkersdorf eGen","Finanzinstitut","Hauptstr. 5","2120","Wolkersdorf",,,,,,,
"Raiffeisenkasse Ziersdorf registrierte Genossenschaft mit beschränkter Haftung","Finanzinstitut","Hauptplatz 5","3710","Ziersdorf",,,,,,,
"Raiffeisenkasse Zistersdorf - Dürnkrut registrierte Genossenschaft mit beschränkter Haftung","Finanzinstitut","Hauptstr. 39","2225","Zistersdorf",,,,,,,
"Raiffeisenbank Region Waldviertel Mitte eGen","Finanzinstitut","Landstraße 23, Postfach 10","3910","Zwettl",,,,,,,
"Raiffeisenlandesbank Burgenland und Revisionsverband eGen","Finanzinstitut","Raiffeisenstraße 1","7000","Eisenstadt",,,,,,,
"Raiffeisenbank Seewinkel-Hansag eGen","Finanzinstitut","Höchtlgasse 6","7163","Andau",,,,,,,
"Raiffeisenbank Apetlon eGen","Finanzinstitut","Kirchengasse 1","7143","Apetlon",,,,,,,
"Raiffeisenbank Mittelburgenland Ost eGen","Finanzinstitut","Hauptstraße 49","7301","Deutschkreutz",,,,,,,
"Raiffeisenbank Neusiedlersee-Hügelland eGen","Finanzinstitut","Hauptstraße 39","7082","Donnerskirchen",,,,,,,
"Raiffeisenbank Draßmarkt-Kobersdorf-St. Martin eGen","Finanzinstitut","Hauptstraße 29","7372","Draßmarkt",,,,,,,
"Raiffeisenbezirksbank Güssing eGen","Finanzinstitut","Hauptstraße 3","7540","Güssing",,,,,,,
"Raiffeisenbank Horitschon und Umgebung eGen","Finanzinstitut","Günser Straße 28","7312","Horitschon",,,,,,,
"Raiffeisenbank Illmitz eGen","Finanzinstitut","Hauptplatz 4","7142","Illmitz",,,,,,,
"Raiffeisenbezirksbank Jennersdorf eGen","Finanzinstitut","Hauptstraße 11","8380","Jennersdorf",,,,,,,
"Raiffeisenbank Dreiländereck Bgld-Nord eGen","Finanzinstitut","Untere Hauptstrasse 36","2425","Nickelsdorf/L.",,,,,,,
"Raiffeisenbank Königsdorf eGen","Finanzinstitut","Bachstraße 8","7563","Königsdorf (Bgld.)",,,,,,,
"Raiffeisenbank Lutzmannsburg - Frankenau eGen","Finanzinstitut","Hauptstr. 25","7361","Lutzmannsburg",,,,,,,
"Raiffeisenbank Mönchhof eGen","Finanzinstitut","Raiffeisenplatz 1","7123","Mönchhof",,,,,,,
"Raiffeisenbank Mörbisch am See eGen","Finanzinstitut","Hauptstraße 4","7072","Mörbisch am See",,,,,,,
"Raiffeisenbank Neckenmarkt eGen","Finanzinstitut","Herrengasse 11","7311","Neckenmarkt",,,,,,,
"Raiffeisenbezirksbank Oberpullendorf eGen","Finanzinstitut","Hauptstraße 34","7350","Oberpullendorf",,,,,,,
"Raiffeisenbank Pamhagen eGen","Finanzinstitut","Kirchenplatz 1","7152","Pamhagen",,,,,,,
"Raiffeisenbank Region Parndorf eGen","Finanzinstitut","Hauptstraße 63","7111","Parndorf",,,,,,,
"Raiffeisenbank Purbach eGen","Finanzinstitut","Hauptgasse 19","7083","Purbach/N.See",,,,,,,
"Raiffeisenbank Freistadt Rust eGen","Finanzinstitut","Rathausplatz 5","7071","Rust (Bgld.)",,,,,,,
"Raiffeisenbank Heideboden eGen","Finanzinstitut","Wiener Straße 3","7161","St. Andrä bei Frauenkirchen",,,,,,,
"Raiffeisenbank Weiden am See eGen","Finanzinstitut","Schulzeile 1","7121","Weiden am See",,,,,,,
"Raiffeisenbank Frauenkirchen-Podersdorf am See eGen","Finanzinstitut","Amtshausgasse 2","7132","Frauenkirchen",,,,,,,
"Raiffeisenbezirksbank Mattersburg eGen","Finanzinstitut","Gustav Degen-Gasse 14-16","7210","Mattersburg",,,,,,,
"Raiffeisenbezirksbank Oberwart eGen","Finanzinstitut","Wiener Straße 5","7400","Oberwart",,,,,,,
"Raiffeisenlandesbank Oberösterreich Aktiengesellschaft","Finanzinstitut","Europaplatz 1a","4020","Linz",,,,,,,
"Raiffeisenbank Aspach-Wildenau eGen","Finanzinstitut","Marktplatz 3","5252","Aspach im Innkreis",,,,,,,
"Raiffeisenbank Region Altheim eGen","Finanzinstitut","Braunauer Straße 22","4950","Altheim",,,,,,,
"Raiffeisenbank Region Braunau eGen","Finanzinstitut","Salzburger Straße 4","5280","Braunau am Inn",,,,,,,
"Raiffeisenbank Grein eGen","Finanzinstitut","Hauptstraße 25","4360","Grein",,,,,,,
"Raiffeisenbank Donau-Ameisberg eGen","Finanzinstitut","Marktplatz 10","4152","Sarleinsbach",,,,,,,
"Raiffeisenbank Ennstal eGen","Finanzinstitut","Kirchenplatz 11","4452","Ternberg",,,,,,,
"Raiffeisenbank Eberschwang eGen","Finanzinstitut","Eberschwang 116","4906","Eberschwang",,,,,,,
"Raiffeisenbank Edt-Lambach eGen","Finanzinstitut","Marktplatz 14","4650","Lambach",,,,,,,
"Raiffeisenbank Feldkirchen-Goldwörth eGen","Finanzinstitut","Hauptstr. 2","4101","Feldkirchen an der Donau",,,,,,,
"Raiffeisenbank Region Freistadt eGen","Finanzinstitut","Linzer Straße 15","4240","Freistadt (OÖ)",,,,,,,
"Raiffeisenbank Region Gallneukirchen eGen","Finanzinstitut","Reichenauerstr. 6-8","4210","Gallneukirchen",,,,,,,
"Raiffeisenbank Gampern eGen","Finanzinstitut","Gampern 70","4851","Gampern",,,,,,,
"Raiffeisenbank Steyr eGen","Finanzinstitut","Stadtplatz 46","4400","Steyr",,,,,,,
"Raiffeisenbank Geretsberg eGen","Finanzinstitut","Geretsberg 3","5132","Geretsberg",,,,,,,
"Raiffeisenbank Großraming eGen","Finanzinstitut","Eisenstraße 25","4463","Großraming",,,,,,,
"Raiffeisenbank Grünau - St. Konrad - Scharnstein eGen","Finanzinstitut","Im Dorf 15","4645","Grünau im Almtal",,,,,,,
"Raiffeisenbank Gunskirchen eGen","Finanzinstitut","Raiffeisenplatz 1","4623","Gunskirchen",,,,,,,
"Raiffeisenbank Gramastetten-Herzogsdorf eGen","Finanzinstitut","Marktstraße 41","4201","Gramastetten",,,,,,,
"Raiffeisenbank Handenberg - St. Georgen a. F. eGen","Finanzinstitut","Baumgartnerstraße 1","5144","Handenberg",,,,,,,
"Raiffeisenbank Helfenberg - St. Stefan a.W. eGen","Finanzinstitut","Leonfeldner Str. 5","4184","Helfenberg",,,,,,,
"Raiffeisenbank Hellmonsödt eGen","Finanzinstitut","Marktpl. 12","4202","Hellmonsödt",,,,,,,
"Raiffeisenbank Hinterstoder und Vorderstoder eGen","Finanzinstitut","Nr. 19","4573","Hinterstoder",,,,,,,
"Raiffeisenbank Hörsching-Thening eGen","Finanzinstitut","Ofteringer Str. 1","4063","Hörsching",,,,,,,
"Raiffeisenbank Region Eferding eGen","Finanzinstitut","Schiferplatz 24","4070","Eferding",,,,,,,
"Raiffeisenbank Innkreis Mitte eGen","Finanzinstitut","Nr. 7","4974","Ort im Innkreis",,,,,,,
"Raiffeisenbank Kematen-Neuhofen eGen","Finanzinstitut","Steyrer Straße 1","4501","Neuhofen an der Krems",,,,,,,
"Raiffeisenbank Kleinmünchen/Linz eGen","Finanzinstitut","Salzburger Straße 5","4030","Linz/Donau",,,,,,,
"Raiffeisenbank Kollerschlag eGen","Finanzinstitut","Markt 4","4154","Kollerschlag",,,,,,,
"Raiffeisenbank Region Hausruck eGen","Finanzinstitut","Marktplatz 6","4680","Haag/Hausruck",,,,,,,
"Raiffeisenbank Leonding eGen","Finanzinstitut","Stadtpl. 4","4060","Leonding",,,,,,,
"Raiffeisenbank Region Bad Leonfelden eGen","Finanzinstitut","Hauptpl. 2","4190","Bad Leonfelden",,,,,,,
"Raiffeisenbank Lohnsburg eGen","Finanzinstitut","Marktplatz 90","4923","Lohnsburg am Kobernaußerwald",,,,,,,
"Raiffeisenbank Lochen am See eGen","Finanzinstitut","Ringstraße 5","5221","Lochen",,,,,,,
"Raiffeisenbank Region Neufelden eGen","Finanzinstitut","Markt 18","4120","Neufelden",,,,,,,
"Raiffeisenbank Mattigtal eGen","Finanzinstitut","Hauptstr. 61","5231","Schalchen",,,,,,,
"Raiffeisenbank Maria Schmolln-St. Johann eGen","Finanzinstitut","Nr. 68","5241","Maria Schmolln",,,,,,,
"Raiffeisenbank Meggenhofen-Kematen eGen","Finanzinstitut","Meggenhofen 55","4714","Meggenhofen",,,,,,,
"Raiffeisenbank Region Kirchdorf eGen","Finanzinstitut","Hauptplatz 29","4560","Kirchdorf an der Krems",,,,,,,
"Raiffeisenbank Mondseeland eGen","Finanzinstitut","Rainerstraße 11","5310","Mondsee",,,,,,,
"Raiffeisenbank Mühlviertler Alm eGen","Finanzinstitut","Schulstr. 2","4280","Königswiesen",,,,,,,
"Raiffeisenbank Neukirchen an der Vöckla eGen","Finanzinstitut","Hauptstraße 22","4872","Neukirchen an der Vöckla",,,,,,,
"Raiffeisenbank Niederwaldkirchen eGen","Finanzinstitut","Markt 21","4174","Niederwaldkirchen",,,,,,,
"Raiffeisenbank Attersee-Süd eGen","Finanzinstitut","Dorfstraße 50","4865","Nussdorf am Attersee",,,,,,,
"Raiffeisenbank Oberes Innviertel eGen","Finanzinstitut","Siedlungsstraße 1","5142","Eggelsberg",,,,,,,
"Raiffeisenbank Mittleres Rodltal eGen","Finanzinstitut","Marktpl. 44","4181","Oberneukirchen/ OÖ",,,,,,,
"Raiffeisenbank Ohlsdorf eGen","Finanzinstitut","Hauptstraße 22","4694","Ohlsdorf",,,,,,,
"Raiffeisenbank Ottnang-Wolfsegg eGen","Finanzinstitut","Hauptstraße 17","4901","Ottnang am Hausruck",,,,,,,
"Raiffeisenbank Region Rohrbach eGen","Finanzinstitut","Stadtplatz 30","4150","Rohrbach-Berg(OÖ)",,,,,,,
"Raiffeisenbank Pabneukirchen eGen","Finanzinstitut","Markt 8","4363","Pabneukirchen",,,,,,,
"Raiffeisenbank Pöndorf - Frankenmarkt eGen","Finanzinstitut","Pöndorf 4","4891","Pöndorf",,,,,,,
"Raiffeisenbank Prambachkirchen eGen","Finanzinstitut","Hauptstraße 18","4731","Prambachkirchen",,,,,,,
"Raiffeisenbank Pramet eGen","Finanzinstitut","Pramet 2","4925","Pramet",,,,,,,
"Raiffeisenbank Peuerbach eGen","Finanzinstitut","Hauptstraße 14/1","4722","Peuerbach",,,,,,,
"Raiffeisenbank Region Ried i.I. eGen","Finanzinstitut","Friedrich-Thurner-Straße 14","4910","Ried im Innkreis",,,,,,,
"Raiffeisenbank Region Schärding eGen","Finanzinstitut","Oberer Stadtplatz 42","4780","Schärding",,,,,,,
"Raiffeisenbank Region Pregarten eGen","Finanzinstitut","Stadtplatz 17","4230","Pregarten",,,,,,,
"Raiffeisenbank Reichenau eGen","Finanzinstitut","Marktplatz 8","4204","Reichenau im Mühlkreis",,,,,,,
"Raiffeisenbank Windischgarsten eGen","Finanzinstitut","Bahnhofstraße 6","4580","Windischgarsten",,,,,,,
"Raiffeisenbank Salzkammergut eGen","Finanzinstitut","Schiffslände 5","4810","Gmunden",,,,,,,
"Raiffeisenbank St. Agatha eGen","Finanzinstitut","Stauffstraße 8","4084","St.Agatha",,,,,,,
"Raiffeisenbank St.Florian am Inn eGen","Finanzinstitut","St. Florian 50","4782","St. Florian am Inn",,,,,,,
"Raiffeisenbank Attergau eGen","Finanzinstitut","Attergaustraße 38a","4880","St. Georgen im Attergau",,,,,,,
"Raiffeisenbank St. Marien eGen","Finanzinstitut","Nr. 19","4502","St. Marien bei Neuhofen",,,,,,,
"Raiffeisenbank St. Martin i.M.-Kleinzell eGen","Finanzinstitut","Markt 17","4113","St. Martin im Mühlkreis",,,,,,,
"Raiffeisenbank St. Roman eGen","Finanzinstitut","Altendorf 29","4793","St. Roman bei Schärding",,,,,,,
"Raiffeisenbank Inneres Salzkammergut eGen","Finanzinstitut","Kreuzplatz 20","4820","Bad Ischl",,,,,,,
"Raiffeisenbank Region Sierning-Enns eGen","Finanzinstitut","Neustr. 5","4522","Sierning",,,,,,,
"Raiffeisenbank Attersee-Nord eGen","Finanzinstitut","Raiffeisenplatz 1","4863","Seewalchen am Attersee",,,,,,,
"Raiffeisenbank Schwertberg eGen","Finanzinstitut","Bahnhofstr. 8","4311","Schwertberg",,,,,,,
"Raiffeisenbank Region Schwanenstadt eGen","Finanzinstitut","Stadtpl. 25-26","4690","Schwanenstadt",,,,,,,
"Raiffeisenbank Steinbach-Grünburg eGen","Finanzinstitut","Ortsplatz 2","4596","Steinbach an der Steyr",,,,,,,
"Raiffeisenbank Steyregg eGen","Finanzinstitut","Weissenwolffstr. 10","4221","Steyregg",,,,,,,
"Raiffeisenbank Tarsdorf eGen","Finanzinstitut","Nr. 105","5121","Tarsdorf",,,,,,,
"Raiffeisenbank Timelkam-Lenzing-Puchkirchen eGen","Finanzinstitut","Pollheimerstr. 1","4850","Timelkam",,,,,,,
"Raiffeisenbank Wels eGen","Finanzinstitut","Kaiser-Josef-Pl. 58","4601","Wels",,,,,,,
"Raiffeisenbank Region Vöcklabruck eGen","Finanzinstitut","Salzburger Straße 1","4840","Vöcklabruck",,,,,,,
"Raiffeisenbank Walding-Ottensheim eGen","Finanzinstitut","Raiffeisenpl. 2","4111","Walding",,,,,,,
"Raiffeisenbank Waldzell eGen","Finanzinstitut","Hofmark 8","4924","Waldzell",,,,,,,
"Raiffeisenbank Region Grieskirchen eGen","Finanzinstitut","Roßmarkt 11","4710","Grieskirchen",,,,,,,
"Raiffeisenbank Wartberg an der Krems eGen","Finanzinstitut","Hauptstr. 23","4552","Wartberg an der Krems",,,,,,,
"Raiffeisenbank Weißkirchen a.d. Traun eGen","Finanzinstitut","Raiffeisenweg 1","4616","Weißkirchen an der Traun",,,,,,,
"Raiffeisenbank Weyer eGen","Finanzinstitut","Marktplatz 11","3335","Weyer (OÖ)",,,,,,,
"Raiffeisenbank Bad Wimsbach-Neydharting eGen","Finanzinstitut","Markt 23","4654","Bad Wimsbach-Neydharting",,,,,,,
"Raiffeisenbank Wels Süd eGen","Finanzinstitut","P.-B.-Rodlbergerstraße 25","4600","Thalheim bei Wels",,,,,,,
"Raiffeisenbank Perg eGen","Finanzinstitut","Linzerstr. 14","4320","Perg",,,,,,,
"Raiffeisenverband Salzburg eGen","Finanzinstitut","Schwarzstr. 13-15","5020","Salzburg",,,,,,,
"Raiffeisenbank Abtenau-Rußbach registrierte Genossenschaft mit beschränkter Haftung","Finanzinstitut","Markt 49","5441","Abtenau",,,,,,,
"Raiffeisenbank Hochkönig eGen","Finanzinstitut","Am Gemeindeplatz 3","5761","Maria Alm am Steinernen Meer",,,,,,,
"Raiffeisenbank Altenmarkt-Flachau-Eben eGen","Finanzinstitut","Marktplatz 5","5541","Altenmarkt im Pongau",,,,,,,
"Raiffeisenbank Anif-Niederalm eGen","Finanzinstitut","Aniferstraße 12","5081","Anif",,,,,,,
"Raiffeisenbank Annaberg-Lungötz registrierte Genossenschaft mit beschränkter Haftung","Finanzinstitut","Nr. 125","5524","Annaberg",,,,,,,
"Raiffeisenbank Anthering - Elixhausen eGen","Finanzinstitut","Salzburger Straße 6","5102","Anthering",,,,,,,
"Raiffeisenbank Bergheim eGen","Finanzinstitut","Dorfstraße 37","5101","Bergheim",,,,,,,
"RAIFFEISENBANK BISCHOFSHOFEN eGen","Finanzinstitut","Franz Mohshammerpl. 7","5500","Bischofshofen",,,,,,,
"Raiffeisenbank Bramberg eGen","Finanzinstitut","Kirchenstraße 8","5733","Bramberg am Wildkogel",,,,,,,
"Raiffeisenbank Bruck-Fusch-Kaprun eGen","Finanzinstitut","Glocknerstr.6","5671","Bruck a.d. Großglocknerstr.",,,,,,,
"Raiffeisenbank Eugendorf-Plainfeld eGen","Finanzinstitut","Dorf 1","5301","Eugendorf",,,,,,,
"Raiffeisenbank Faistenau-Hintersee eGen","Finanzinstitut","Am Lindenplatz 2","5324","Faistenau",,,,,,,
"Raiffeisenbank Golling-Scheffau-Kellau registrierte Genossenschaft mit beschränkter Haftung","Finanzinstitut","Markt 45","5440","Golling an der Salzach",,,,,,,
"Raiffeisenbank Grödig eGen","Finanzinstitut","Hauptstraße 28","5082","Grödig",,,,,,,
"Raiffeisenbank Großarl-Hüttschlag eGen","Finanzinstitut","Marktstraße 8","5611","Großarl",,,,,,,
"Raiffeisenbank Großgmain eGen","Finanzinstitut","Salzburger Straße 53","5084","Großgmain",,,,,,,
"Raiffeisenbank Köstendorf-Neumarkt-Schleedorf registrierte Genossenschaft mit beschränkter Haftung","Finanzinstitut","Landesstraße 4","5203","Köstendorf bei Salzburg",,,,,,,
"Raiffeisenbank Hallein eGen","Finanzinstitut","Robertplatz 1","5400","Hallein",,,,,,,
"Raiffeisenkasse Hallwang eGen","Finanzinstitut","Dorfstraße 28","5300","Hallwang",,,,,,,
"Raiffeisenbank Henndorf am Wallersee eGen","Finanzinstitut","Hauptstr. 63","5302","Henndorf am Wallersee",,,,,,,
"Raiffeisenbank Hof-Koppl-Ebenau eGen","Finanzinstitut","Wolfgangseestraße 26","5322","Hof bei Salzburg",,,,,,,
"Raiffeisenbank Gastein eGen","Finanzinstitut","Kaiser-Franz-Platz 4","5630","Bad Hofgastein",,,,,,,
"Raiffeisenbank Hüttau-St. Martin-Niedernfritz registrierte Genossenschaft mit beschränkter Haftung","Finanzinstitut","Hüttau 35","5511","Hüttau",,,,,,,
"Raiffeisenbank Krimml registrierte Genossenschaft mit beschränkter Haftung","Finanzinstitut","Oberkrimml 93","5743","Krimml",,,,,,,
"Raiffeisenkasse Kuchl registrierte Genossenschaft mit beschränkter Haftung","Finanzinstitut","Markt 222","5431","Kuchl",,,,,,,
"Raiffeisenbank Lamprechtshausen-Bürmoos eGen","Finanzinstitut","Hauptstraße 3","5112","Lamprechtshausen",,,,,,,
"Raiffeisenbank Leogang eGen","Finanzinstitut","Leogang 65","5771","Leogang",,,,,,,
"Raiffeisenbank Salzburg-Liefering eGen","Finanzinstitut","Münchner Bundesstraße 1","5020","Salzburg",,,,,,,
"Raiffeisenbank Maishofen eGen","Finanzinstitut","Anton-Faistauer-Platz 3","5751","Maishofen",,,,,,,
"Raiffeisenbank Mariapfarr eGen","Finanzinstitut","Pfarrstraße 29","5571","Mariapfarr",,,,,,,
"Raiffeisenbank Mauterndorf-Tweng-Obertauern eGen","Finanzinstitut","Mauterndorf 87","5570","Mauterndorf",,,,,,,
"Raiffeisenbank Michaelbeuern eGen","Finanzinstitut","Michaelbeuern 76","5152","Michaelbeuern",,,,,,,
"Raiffeisenbank Mittersill-Hollersbach-Stuhlfelden registrierte Genossenschaft mit beschränkter Haftung","Finanzinstitut","Kirchgasse 12","5730","Mittersill",,,,,,,
"Raiffeisenbank Markt Neukirchen eGen","Finanzinstitut","Marktstraße 211","5741","Neukirchen/Grv.",,,,,,,
"Raiffeisenbank Niedernsill eGen","Finanzinstitut","Dorfstraße 16","5722","Niedernsill",,,,,,,
"Raiffeisenbank Nußdorf eGen","Finanzinstitut","Hauptstraße 1","5151","Nußdorf/H.Berg",,,,,,,
"Raiffeisenbank Oberalm-Puch registrierte Genossenschaft mit beschränkter Haftung","Finanzinstitut","Kahlspergstraße 1","5411","Oberalm",,,,,,,
"Raiffeisenbank St.Georgen eGen","Finanzinstitut","Dorfplatz 2","5113","St.Georgen/Sbg.",,,,,,,
"Raiffeisenbank Salzburger Seenland eGen","Finanzinstitut","Hauptstraße 52","5201","Seekirchen am Wallersee",,,,,,,
"Raiffeisenbank Piesendorf registrierte Genossenschaft mit beschränkter Haftung","Finanzinstitut","Dorfstraße 263","5721","Piesendorf",,,,,,,
"Raiffeisenbank Radstadt-Untertauern-Filzmoos-Forstau registrierte Genossenschaft mit beschränkter Haftung","Finanzinstitut","Stadtplatz 6/7","5550","Radstadt",,,,,,,
"Raiffeisenbank Rauris-Bucheben registrierte Genossenschaft mit beschränkter Haftung","Finanzinstitut","Marktstraße 32","5661","Rauris",,,,,,,
"Raiffeisenbank Saalbach-Hinterglemm-Viehhofen eGen","Finanzinstitut","Dorfplatz 311","5753","Saalbach",,,,,,,
"Raiffeisenbank Saalfelden registrierte Genossenschaft mit beschränkter Haftung","Finanzinstitut","Loferer Straße 5","5760","Saalfelden",,,,,,,
"Raiffeisenbank Salzburg Maxglan-Siezenheim eGen","Finanzinstitut","Innsbrucker Bundesstraße 34","5020","Salzburg",,,,,,,
"Raiffeisenbank St. Veit-Schwarzach-Goldegg registrierte Genossenschaft mit beschränkter Haftung","Finanzinstitut","Salzburgerstraße 39b","5620","Schwarzach",,,,,,,
"Raiffeisenbank St.Gilgen-Fuschl-Strobl eGen","Finanzinstitut","Mozartplatz 4","5340","St.Gilgen",,,,,,,
"Raiffeisenbank St. Johann im Pongau registrierte Genossenschaft mit beschränkter Haftung","Finanzinstitut","Ing.Ludwig-Pech-Straße 1","5600","St.Johann/Pg.",,,,,,,
"Raiffeisenbank St. Koloman registrierte Genossenschaft mit beschränkter Haftung","Finanzinstitut","Am Dorfplatz 173","5423","St.Koloman",,,,,,,
"Raiffeisenbank St. Martin-Lofer-Weißbach eGen","Finanzinstitut","St.Martin 7","5092","St.Martin/Lofer",,,,,,,
"Raiffeisenbank St.Michael - Oberlungau eGen","Finanzinstitut","Raikaplatz 242","5582","St.Michael/Lg.",,,,,,,
"Raiffeisenbank Straßwalchen eGen","Finanzinstitut","Salzburger Straße 3","5204","Straßwalchen",,,,,,,
"Raiffeisenbank Tamsweg eGen","Finanzinstitut","Kirchengasse 9","5580","Tamsweg",,,,,,,
"Raiffeisenbank Taxenbach registrierte Genossenschaft mit beschränkter Haftung","Finanzinstitut","Raiffeisenstraße 1","5660","Taxenbach",,,,,,,
"Raiffeisenbank Thalgau eGen","Finanzinstitut","Marktplatz 1","5303","Thalgau",,,,,,,
"Raiffeisenbank Unken eGen","Finanzinstitut","Niederland 103","5091","Unken",,,,,,,
"Raiffeisenbank Uttendorf eGen","Finanzinstitut","Dorfplatz 5","5723","Uttendf./Pinzg.",,,,,,,
"Raiffeisenbank Wagrain-Kleinarl eGen","Finanzinstitut","Markt 10","5602","Wagrain",,,,,,,
"Raiffeisenbank Wald registrierte Genossenschaft mit beschränkter Haftung","Finanzinstitut","Wald 87","5742","Wald/Pinzgau",,,,,,,
"Raiffeisenbank Wals-Himmelreich registrierte Genossenschaft mit beschränkter Haftung","Finanzinstitut","Hauptstraße 13","5071","Wals",,,,,,,
"Raiffeisenkasse Werfen registrierte Genossenschaft mit beschränkter Haftung","Finanzinstitut","Markt 25","5450","Werfen",,,,,,,
"Volksbank Raiffeisenbank Oberbayern Südost eG-Zweigniederlassung VR-Bank Salzburg","Finanzinstitut","Karolingerstraße 1","5020","Salzburg",,,,,,,
"Raiffeisen-Landesbank Tirol AG","Finanzinstitut","Adamgasse 1-7","6020","Innsbruck",,,,,,,
"Raiffeisenbank Absam eGen","Finanzinstitut","Salzbergstraße 64","6067","Absam",,,,,,,
"Raiffeisenbank Achenkirch und Umgebung eGen","Finanzinstitut","Achenkirch 387a","6215","Achenkirch",,,,,,,
"Raiffeisenbank Alpbach eGen","Finanzinstitut","Alpbach 177","6236","Alpbach",,,,,,,
"Raiffeisenbank Arzl im Pitztal und Imsterberg registrierte Genossenschaft mit beschränkter Haftung","Finanzinstitut","Dorfstraße 38","6471","Arzl im Pitztal",,,,,,,
"Raiffeisenbank Westliches Mittelgebirge eGen","Finanzinstitut","Sylvester-Jordan-Straße 5","6094","Axams",,,,,,,
"Raiffeisenbank Brandenberg eGen","Finanzinstitut","Brandenberg 20","6234","Brandenberg",,,,,,,
"Raiffeisenbank Brixen im Thale eGen","Finanzinstitut","Dorfstraße 92","6364","Brixen im Thale",,,,,,,
"Raiffeisenbank Eben-Pertisau eGen","Finanzinstitut","Dorfstraße 38","6212","Maurach",,,,,,,
"Raiffeisenbank Ehrwald-Lermoos-Biberwier eGen","Finanzinstitut","Kirchplatz 31","6632","Ehrwald",,,,,,,
"Raiffeisenbank Oberlechtal eGen","Finanzinstitut","Nr. 52a","6652","Elbigenalp",,,,,,,
"Raiffeisenbank Erl eGen","Finanzinstitut","Dorf 44","6343","Erl",,,,,,,
"Raiffeisenbank im Vorderen Zillertal, Fügen, Fügenberg, Kaltenbach, Ried und Uderns eGen","Finanzinstitut","Franziskusweg 10","6263","Fügen",,,,,,,
"Raiffeisenbank Fulpmes-Telfes im Stubai eGen","Finanzinstitut","Kirchstraße 3","6166","Fulpmes",,,,,,,
"RaiffeisenBank Going eGen","Finanzinstitut","Dorfstraße 25","6353","Going am Wilden Kaiser",,,,,,,
"Raiffeisenkasse Hart eGen","Finanzinstitut","Harterstraße 2","6265","Hart im Zillertal",,,,,,,
"Raiffeisenbank Hippach und Umgebung eGen","Finanzinstitut","Lindenstraße 11","6283","Schwendau",,,,,,,
"Raiffeisenbank Hopfgarten im Brixental eGen","Finanzinstitut","Brixentaler Straße 15","6361","Hopfgarten/Br.T",,,,,,,
"Raiffeisenbank Paznaun eGen","Finanzinstitut","Dorfstraße 49","6561","Ischgl",,,,,,,
"Raiffeisenbank Jenbach - Wiesing eGen","Finanzinstitut","Kirchgasse 1","6200","Jenbach",,,,,,,
"Raiffeisenbank St. Anton am Arlberg eGen","Finanzinstitut","Dorfstraße 24","6580","St. Anton am Arlberg",,,,,,,
"Raiffeisenbank Kematen eGen","Finanzinstitut","Sandbichlweg 2","6175","Kematen/Tirol",,,,,,,
"Raiffeisenbank Kirchdorf Tirol registrierte Genossenschaft mit beschränkter Haftung","Finanzinstitut","Dorfplatz 15","6382","Kirchdorf/Tirol",,,,,,,
"Raiffeisenbank Kitzbühel - St. Johann eGen","Finanzinstitut","Achenweg 16","6370","Kitzbühel",,,,,,,
"Raiffeisenbank Kössen-Schwendt eGen","Finanzinstitut","Dorf 4","6345","Kössen",,,,,,,
"Raiffeisenbank Kundl eGen","Finanzinstitut","Dorfstraße 14","6250","Kundl",,,,,,,
"Raiffeisenbank Längenfeld eGen","Finanzinstitut","Oberlängenfeld 72","6444","Längenfeld",,,,,,,
"Raiffeisenbank Langkampfen eGen","Finanzinstitut","Untere Dorfstraße 2","6336","Langkampfen",,,,,,,
"Raiffeisenbank Buch, Gallzein und Strass registrierte Genossenschaft mit beschränkter Haftung","Finanzinstitut","Nr. 108a","6220","Buch in Tirol",,,,,,,
"Raiffeisenbank Matrei am Brenner und Umgebung eGen","Finanzinstitut","Raiffeisenplatz 43a","6143","Matrei/Brenner",,,,,,,
"Raiffeisenbank Mayrhofen und Umgebung eGen","Finanzinstitut","Hauptstraße 401","6290","Mayrhofen",,,,,,,
"Raiffeisenkasse Mieders-Schönberg registrierte Genossenschaft mit beschränkter Haftung","Finanzinstitut","Dorfstraße 2","6142","Mieders",,,,,,,
"Raiffeisenbank Münster eGen","Finanzinstitut","Dorf 340","6232","Münster",,,,,,,
"Raiffeisenkasse für Mutters, Natters und Kreith registrierte Genossenschaft mit beschränkter Haftung","Finanzinstitut","Kirchplatz 10","6162","Mutters",,,,,,,
"Raiffeisenbank Nauders eGen","Finanzinstitut","Dr.-Tschiggfrey-Straße 66","6543","Nauders",,,,,,,
"Raiffeisenbank Neustift im Stubai registrierte Genossenschaft mit beschränkter Haftung","Finanzinstitut","Dorf 2","6167","Neustift/Stubaital",,,,,,,
"Raiffeisenbank Vorderes Oetztal registrierte Genossenschaft mit beschränkter Haftung","Finanzinstitut","Hauptstraße 64","6433","Oetz",,,,,,,
"Raiffeisenbank Reith im Alpbachtal eGen","Finanzinstitut","Dorf 25","6235","Reith im Alpbachtal",,,,,,,
"Raiffeisenbank Reutte registrierte Genossenschaft mit beschränkter Haftung","Finanzinstitut","Untermarkt 3","6600","Reutte",,,,,,,
"Raiffeisenbank Ried in Tirol Fendels-Tösens und Umgebung registrierte Genossenschaft mit beschränkter Haftung","Finanzinstitut","Ried in Tirol 97","6531","Ried/Oberinntal",,,,,,,
"Raiffeisenkasse Rum-Innsbruck/Arzl eGen","Finanzinstitut","Dörferstraße 10a","6063","Rum",,,,,,,
"Raiffeisenbank Seefeld-Leutasch-Reith-Scharnitz registrierte Genossenschaft mit beschränkter Haftung","Finanzinstitut","Münchner Straße 38","6100","Seefeld/Tirol",,,,,,,
"Raiffeisenbank Serfaus-Fiss eGen","Finanzinstitut","Dorfbahnstraße 41-43","6534","Serfaus",,,,,,,
"Raiffeisenbank Silz-Haiming und Umgebung eGen","Finanzinstitut","Tiroler Straße 78","6424","Silz",,,,,,,
"Raiffeisenbank Söll - Scheffau registrierte Genossenschaft mit beschränkter Haftung","Finanzinstitut","Dorf 125","6306","Söll",,,,,,,
"Raiffeisenkasse Schlitters, Bruck und Straß registrierte Genossenschaft mit beschränkter Haftung","Finanzinstitut","Schlitters 52","6262","Schlitters",,,,,,,
"Raiffeisen Regionalbank Schwaz eGen","Finanzinstitut","Innsbrucker Straße 11","6130","Schwaz",,,,,,,
"Raiffeisenbank Sölden eGen","Finanzinstitut","Dorfstraße 88","6450","Sölden",,,,,,,
"Raiffeisenbank Wipptal eGen","Finanzinstitut","Brennerstraße 52","6150","Steinach/Tirol",,,,,,,
"Raiffeisenkasse Stumm, Stummerberg und Umgebung registrierte Genossenschaft mit beschränkter Haftung","Finanzinstitut","Dorfstraße 17","6275","Stumm",,,,,,,
"Raiffeisenbank Tannheimertal eGen","Finanzinstitut","Höf 35","6675","Tannheim",,,,,,,
"Raiffeisenbank Telfs-Mieming eGen","Finanzinstitut","Untermarktstr. 3","6410","Telfs",,,,,,,
"Raiffeisenbank Thaur eGen","Finanzinstitut","Schulgasse 14","6065","Thaur",,,,,,,
"Raiffeisenbank Thiersee eGen","Finanzinstitut","Vorderthiersee 40","6335","Thiersee",,,,,,,
"Raiffeisenbank Tux eGen","Finanzinstitut","Lanersbach 464","6293","Tux",,,,,,,
"Raiffeisenbank Vils und Umgebung eGen","Finanzinstitut","Stadtplatz 2","6682","Vils",,,,,,,
"Raiffeisenkasse Volders und Umgebung registrierte Genossenschaft mit beschränkter Haftung","Finanzinstitut","Bundesstraße 24c","6111","Volders",,,,,,,
"RaiffeisenBank St. Ulrich - Waidring eGen","Finanzinstitut","Dorfstraße 5a","6384","Waidring",,,,,,,
"Raiffeisenbank Wattens und Umgebung, registrierte Genossenschaft mit beschränkter Haftung","Finanzinstitut","Fr.Strickner-Straße 2","6112","Wattens",,,,,,,
"Raiffeisenkasse Weerberg registrierte Genossenschaft mit beschränkter Haftung","Finanzinstitut","Mitterberg 127","6133","Weerberg",,,,,,,
"Raiffeisenbank Pitztal eGen","Finanzinstitut","Unterdorf 18","6473","Wenns",,,,,,,
"Raiffeisenbank Westendorf eGen","Finanzinstitut","Dorfstraße 18","6363","Westendorf",,,,,,,
"Raiffeisenbank Wildschönau registrierte Genossenschaft mit beschränkter Haftung","Finanzinstitut","Kirchen, Oberau 314","6311","Wildschönau",,,,,,,
"Raiffeisen Bezirksbank Kufstein eGen","Finanzinstitut","Oberer Stadtplatz 1a","6330","Kufstein",,,,,,,
"Raiffeisenbank Oberland eGen","Finanzinstitut","Hauptstraße 55","6511","Zams",,,,,,,
"Raiffeisenbank Zell am Ziller und Umgebung registrierte Genossenschaft mit beschränkter Haftung","Finanzinstitut","Dorfplatz 3","6280","Zell/Ziller",,,,,,,
"Raiffeisen Regionalbank Hall in Tirol eGen","Finanzinstitut","Zollstraße 1","6060","Hall/Tirol",,,,,,,
"Raiffeisenbank Defereggental eGen","Finanzinstitut","Innerrotte 38","9963","St.Jakob/Def.",,,,,,,
"Raiffeisenbank Sillian eGen","Finanzinstitut","Marktplatz 10","9920","Sillian",,,,,,,
"Raiffeisenkasse Lienzer Talboden eGen","Finanzinstitut","HNr. 17","9782","Nikolsdorf",,,,,,,
"Raiffeisenbank Matrei in Osttirol, Virgen-Prägraten-Kals am Großglockner registrierte Genossenschaft mit beschränkter Haftung","Finanzinstitut","Rauterplatz 4","9971","Matrei/Osttirol",,,,,,,
"Raiffeisenkasse Villgratental registrierte Genossenschaft mit beschränkter Haftung","Finanzinstitut","Innervillgraten 79","9932","Innervillgraten",,,,,,,
"Alpenbank Aktiengesellschaft","Finanzinstitut","Kaiserjägerstraße 9","6020","Innsbruck",,,,,,,
"Raiffeisenlandesbank Vorarlberg Waren- und Revisionsverband registrierte Genossenschaft mit beschränkter Haftung","Finanzinstitut","Rheinstraße 11","6900","Bregenz",,,,,,,
"Raiffeisenbank Alberschwende registrierte Genossenschaft mit beschränkter Haftung","Finanzinstitut","Hof 18","6861","Alberschwende",,,,,,,
"Raiffeisenbank Au registrierte Genossenschaft mit beschränkter Haftung","Finanzinstitut","Lisse 94","6883","Au/Bregenzerw.",,,,,,,
"Raiffeisenbank Bezau-Mellau-Bizau registrierte Genossenschaft mit beschränkter Haftung","Finanzinstitut","Platz 398","6870","Bezau",,,,,,,
"Raiffeisenbank Im Rheintal eGen","Finanzinstitut","Rathausplatz 8","6850","Dornbirn",,,,,,,
"Raiffeisenbank Feldkirch, registrierte Genossenschaft mit beschränkter Haftung","Finanzinstitut","Domplatz 3","6800","Feldkirch",,,,,,,
"Raiffeisenbank Mittelbregenzerwald registrierte Genossenschaft mit beschränkter Haftung","Finanzinstitut","Loco 12","6863","Egg/Vbg.",,,,,,,
"RAIFFEISENBANK FRASTANZ-SATTEINS registrierte Genossenschaft mit beschränkter Haftung","Finanzinstitut","Bahnhofstraße 2","6820","Frastanz",,,,,,,
"Raiffeisenbank amKumma eGen","Finanzinstitut","Junker-Jonas-Platz 2","6840","Götzis",,,,,,,
"Raiffeisenbank am Bodensee registrierte Genossenschaft mit beschränkter Haftung","Finanzinstitut","Seestraße 1","6971","Hard",,,,,,,
"Walser Privatbank Aktiengesellschaft","Finanzinstitut","Walserstraße 263","6992","Hirschegg",,,,,,,
"Raiffeisenbank Vorderbregenzerwald registrierte Genossenschaft mit beschränkter Haftung","Finanzinstitut","Platz 186","6952","Hittisau",,,,,,,
"Raiffeisenbank Hohenems registrierte Genossenschaft mit beschränkter Haftung","Finanzinstitut","Schillerallee 1","6845","Hohenems",,,,,,,
"RAIFFEISENBANK LEIBLACHTAL registrierte Genossenschaft mit beschränkter Haftung","Finanzinstitut","Heribrandstraße 1","6912","Hörbranz",,,,,,,
"Raiffeisenbank Langen-Thal registrierte Genossenschaft mit beschränkter Haftung","Finanzinstitut","Reicharten 170","6932","Langen",,,,,,,
"Raiffeisenbank Lech/Arlberg, registrierte Genossenschaft mit beschränkter Haftung","Finanzinstitut","Lech 90","6764","Lech",,,,,,,
"RAIFFEISENBANK WALGAU-GROSSWALSERTAL registrierte Genossenschaft mit beschränkter Haftung","Finanzinstitut","Bahnhofstraße 2","6710","Nenzing",,,,,,,
"Raiffeisenbank Rankweil registrierte Genossenschaft mit beschränkter Haftung","Finanzinstitut","Bahnhofstraße 2","6830","Rankweil",,,,,,,
"Raiffeisenbank Bludenz-Montafon eGen","Finanzinstitut","Werdenbergerstraße 9","6700","Bludenz",,,,,,,
"Raiffeisenbank Weissachtal eGen","Finanzinstitut","Dorf 245","6934","Sulzberg",,,,,,,
"Raiffeisenbank Vorderland registrierte Genossenschaft mit beschränkter Haftung","Finanzinstitut","Monfortstraße 9","6832","Sulz",,,,,,,
"Raiffeisenbank am Hofsteig registrierte Genossenschaft mit beschränkter Haftung","Finanzinstitut","Kellhofstraße 12","6922","Wolfurt",,,,,,,
"Raiffeisen-Landesbank Steiermark AG","Finanzinstitut","Kaiserfeldgasse 5","8010","Graz",,,,,,,
"Raiffeisenbank Admont eGen","Finanzinstitut","-","8911","Admont",,,,,,,
"Raiffeisenbank Pöllau-Birkfeld eGen","Finanzinstitut","Hauptplatz 2","8190","Birkfeld",,,,,,,
"Raiffeisenbank Breitenau eGen","Finanzinstitut","St.Jakob 1","8614","Breitenau am Hochlantsch",,,,,,,
"Raiffeisenbank Wechselland eGen","Finanzinstitut","Dechantskirchen","8241","Dechantskirchen",,,,,,,
"Raiffeisenbank Deutschlandsberg eGen","Finanzinstitut","Raiffeisenstraße 1","8530","Deutschlandsberg",,,,,,,
"Raiffeisenbank Süd-Weststeiermark eGen","Finanzinstitut","Oberer Markt 9","8551","Wies",,,,,,,
"Raiffeisenbank Region Fehring eGen","Finanzinstitut","Fehring","8350","Fehring",,,,,,,
"Raiffeisenbank Region Graz-Thalerhof eGen","Finanzinstitut","Hauptstraße 135","8401","Kalsdorf/Graz",,,,,,,
"Raiffeisenbank Mittleres Raabtal eGen","Finanzinstitut","Paldau 40","8341","Paldau",,,,,,,
"Raiffeisenbank Fürstenfeld eGen","Finanzinstitut","Stadt-Zug-Platz 4","8280","Fürstenfeld",,,,,,,
"Raiffeisenbank Gamlitz eGen","Finanzinstitut","Obere Hauptstraße 210","8462","Gamlitz",,,,,,,
"Raiffeisenbank Gleinstätten-Leutschach eGen","Finanzinstitut","Gleinstätten 168","8443","Gleinstätten",,,,,,,
"Raiffeisenbank Region Gleisdorf eGen","Finanzinstitut","Florianiplatz 18/19","8200","Gleisdorf",,,,,,,
"Raiffeisenbank Nördliche Oststeiermark eGen","Finanzinstitut","Hauptplatz 47","8232","Grafendorf/Hb.",,,,,,,
"Raiffeisenbank Gratkorn eGen","Finanzinstitut","Grazer Straße 5","8101","Gratkorn",,,,,,,
"Raiffeisenbank Gratwein eGen","Finanzinstitut","Bahnhofstraße 22","8112","Gratwein-Straßengel",,,,,,,
"Raiffeisenbank Gröbming eGen","Finanzinstitut","Hauptstraße 279","8962","Gröbming",,,,,,,
"Raiffeisenbank Groß St. Florian-Wettmannstätten eGen","Finanzinstitut","Marktstraße 3","8522","Groß St.Florian",,,,,,,
"Raiffeisenbank Großwilfersdorf eGen","Finanzinstitut","Großwilfersdorf","8263","Großwilfersdorf",,,,,,,
"Raiffeisenbank Halbenrain-Tieschen eGen","Finanzinstitut","Halbenrain 125","8492","Halbenrain",,,,,,,
"Raiffeisenbank Mariazellerland eGen","Finanzinstitut","Hauptplatz 1","8630","Mariazell",,,,,,,
"Raiffeisenbank Markt Hartmannsdorf eGen","Finanzinstitut","Hauptstraße 240","8311","Markt Hartmannsdorf",,,,,,,
"Raiffeisenbank Hausmannstätten eGen","Finanzinstitut","Grazer Straße 6","8071","Hausmannst.",,,,,,,
"Raiffeisenbank Ilz-Großsteinbach-Riegersburg eGen","Finanzinstitut","Ilz 39","8262","Ilz",,,,,,,
"Raiffeisenbank Heiligenkreuz-Kirchbach eGen","Finanzinstitut","Kirchbach 12","8082","Kirchbach/Stmk.",,,,,,,
"Raiffeisenbank Mürztal eGen","Finanzinstitut","Grazer Straße 19","8680","Mürzzuschlag",,,,,,,
"Raiffeisenbank Weiz-Anger eGen","Finanzinstitut","Kapruner Generator Straße 10","8160","Weiz",,,,,,,
"Raiffeisenbank Leibnitz eGen","Finanzinstitut","Bahnhofstraße 2","8430","Leibnitz",,,,,,,
"Raiffeisenbank Lieboch-Stainz eGen","Finanzinstitut","Grazer Straße 7","8510","Stainz",,,,,,,
"Raiffeisenbank Ligist-St.Johann eGen","Finanzinstitut","Ligist 20","8563","Ligist",,,,,,,
"Raiffeisenbank Liezen eGen","Finanzinstitut","Hauptplatz 11","8940","Liezen",,,,,,,
"Raiffeisenbank Graz-Mariatrost eGen","Finanzinstitut","Mariatroster Straße 255","8044","Graz-Mariatrost",,,,,,,
"Raiffeisenbank Liesingtal eGen","Finanzinstitut","Hauptstraße 18","8774","Mautern/Stmk.",,,,,,,
"Raiffeisenbank Mooskirchen-Söding eGen","Finanzinstitut","Raiffeisenplatz 6","8562","Mooskirchen",,,,,,,
"Raiffeisenbank Murau eGen","Finanzinstitut","Bundesstraße 5","8850","Murau",,,,,,,
"Raiffeisenbank Steirisches Salzkammergut eGen","Finanzinstitut","Bad Mitterndorf 13a","8983","Bad Mitterndorf",,,,,,,
"Raiffeisenbank Nestelbach-Eggersdorf eGen","Finanzinstitut","Schemerlhöhe 71","8302","Nestelbach",,,,,,,
"Raiffeisenbank Öblarn eGen","Finanzinstitut","Raiffeisenstraße 42","8960","Öblarn",,,,,,,
"Raiffeisenbank Passail eGen","Finanzinstitut","Markt 15","8162","Passail",,,,,,,
"Raiffeisenbank Pischelsdorf-Stubenberg eGen","Finanzinstitut","Pischelsdorf 26","8212","Pischelsdorf am Kulm",,,,,,,
"Raiffeisenbank Preding-Hengsberg-St. Nikolai i. S. eGen","Finanzinstitut","Preding 284","8504","Preding",,,,,,,
"Raiffeisenbank Bad Radkersburg-Klöch eGen","Finanzinstitut","Halbenrainer Straße 2","8490","Bad Radkersburg",,,,,,,
"Raiffeisenbank Hitzendorf-Rein eGen","Finanzinstitut","Hitzendorf 133","8151","Hitzendorf",,,,,,,
"Raiffeisenbank St. Georgen a. d. Stiefing eGen","Finanzinstitut","St.Georgen a.d.Stiefing 20a","8413","St.Georgen/Sti.",,,,,,,
"Raiffeisenbank Aichfeld eGen","Finanzinstitut","Kärntner Straße 2","8720","Knittelfeld",,,,,,,
"Raiffeisenbank Turnau-St. Lorenzen eGen","Finanzinstitut","Hauptstraße 21","8641","St. Marein im Mürztal",,,,,,,
"Raiffeisenbank Trieben eGen","Finanzinstitut","Hauptplatz 2","8784","Trieben",,,,,,,
"Raiffeisenbank Graz-St. Peter eGen","Finanzinstitut","St.Peter-Hauptstraße 55","8042","Graz-St.Peter",,,,,,,
"Raiffeisenbank Zirbenland eGen","Finanzinstitut","Hauptplatz 12","8750","Judenburg",,,,,,,
"Raiffeisenbank Mureck eGen","Finanzinstitut","Hauptplatz 8","8480","Mureck",,,,,,,
"Raiffeisenbank St.Stefan-Kraubath eGen","Finanzinstitut","Dorfplatz 14","8713","St.Stefan/Leob.",,,,,,,
"Raiffeisenbank St. Stefan-Jagerberg-Wolfsberg eGen","Finanzinstitut","Murecker Straße 23","8083","St.Stefan i.R.",,,,,,,
"Raiffeisenbank Schilcherland eGen","Finanzinstitut","St.Stefan ob Stainz 21","8511","St.Stefan/Stai.",,,,,,,
"Raiffeisenbank Graz-Andritz eGen","Finanzinstitut","Grazer Straße 62","8045","Graz-Andritz",,,,,,,
"Raiffeisenbank Neumarkt-Oberwölz eGen","Finanzinstitut","-","8820","Neumarkt",,,,,,,
"Raiffeisenbank Hartberg eGen","Finanzinstitut","Wiesengasse 2","8230","Hartberg",,,,,,,
"Raiffeisenbank Thermenland eGen","Finanzinstitut","Bad Waltersdorf 371","8271","Bad Waltersdorf",,,,,,,
"Raiffeisenbank Straß-Spielfeld eGen","Finanzinstitut","Hauptstraße 59","8472","Straß",,,,,,,
"Raiffeisenbank Stallhofen eGen","Finanzinstitut","Raiffeisenplatz 1","8152","Stallhofen",,,,,,,
"Raiffeisenbank Straden eGen","Finanzinstitut","Raiffeisengasse 75","8345","Straden",,,,,,,
"Raiffeisenbank Graz-Straßgang eGen","Finanzinstitut","Kärntner Straße 394","8054","Graz/Straßgang",,,,,,,
"Raiffeisenbank Leoben-Bruck eGen","Finanzinstitut","Grazer Straße 63","8605","Kapfenberg",,,,,,,
"Raiffeisenbank Schladming-Ramsau-Haus eGen","Finanzinstitut","Schulgasse 189","8970","Schladming",,,,,,,
"Raiffeisenbank Lipizzanerheimat eGen","Finanzinstitut","Voitsberg","8570","Voitsberg",,,,,,,
"Raiffeisenbank Feldbach-Gnas-Bad Gleichenberg eGen","Finanzinstitut","Hauptplatz 18","8330","Feldbach",,,,,,,
"Raiffeisenbank Wildon-Lebring eGen","Finanzinstitut","Leibnitzer Straße 1","8410","Wildon",,,,,,,
"Raiffeisenlandesbank Kärnten - Rechenzentrum und Revisionsverband, registrierte Genossenschaft mit beschränkter Haftung","Finanzinstitut","Raiffeisenplatz 1","9020","Klagenfurt am Wörthersee",,,,,,,
"Posojilnica Bank eGen","Finanzinstitut","Paulitschgasse 5-7","9020","Klagenfurt",,,,,,,
"Raiffeisenbank Sirnitz-Himmelberg-Deutsch-Griffen, registrierte Genossenschaft mit beschränkter Haftung","Finanzinstitut","Sirnitz 6","9571","Sirnitz",,,,,,,
"Raiffeisenbank Althofen - Guttaring, registrierte Genossenschaft mit beschränkter Haftung","Finanzinstitut","Kreuzstraße 15","9330","Treibach-Althofen",,,,,,,
"Raiffeisenbank Arnoldstein, registrierte Genossenschaft mit beschränkter Haftung","Finanzinstitut","Gemeindeplatz 2","9601","Arnoldstein",,,,,,,
"Raiffeisen-Bezirksbank Spittal/Drau, registrierte Genossenschaft mit beschränkter Haftung","Finanzinstitut","Burgplatz 2","9800","Spittal/Drau",,,,,,,
"Raiffeisenbank Brückl-Eberstein-Klein St. Paul-Waisenberg, registrierte Genossenschaft mit beschränkter Haftung","Finanzinstitut","Hüttenbergerstraße 1","9371","Brückl",,,,,,,
"Raiffeisenbank Bleiburg registrierte Genossenschaft mit beschränkter Haftung","Finanzinstitut","10. Oktober-Platz 13","9150","Bleiburg",,,,,,,
"Raiffeisenbank Eberndorf registrierte Genossenschaft mit beschränkter Haftung","Finanzinstitut","Bahnstraße 22","9141","Eberndorf",,,,,,,
"Raiffeisenbank Lavamünd, registrierte Genossenschaft mit beschränkter Haftung","Finanzinstitut","Lavamünd 41","9473","Lavamünd",,,,,,,
"Raiffeisenbank Fürnitz, registrierte Genossenschaft mit beschränkter Haftung","Finanzinstitut","Rosentalstraße 14","9586","Fürnitz",,,,,,,
"Raiffeisenbank Grafenstein-Magdalensberg und Umgebung, registrierte Genossenschaft mit beschränkter Haftung","Finanzinstitut","Klopeiner Straße 3","9131","Grafenstein",,,,,,,
"Raiffeisenbank Oberdrautal-Weissensee, registrierte Genossenschaft mit beschränkter Haftung","Finanzinstitut","Greifenburg 120","9761","Greifenburg",,,,,,,
"Raiffeisenbank Hüttenberg - Wieting, registrierte Genossenschaft mit beschränkter Haftung","Finanzinstitut","Reiftanzplatz 7","9375","Hüttenberg",,,,,,,
"Raiffeisenbank Keutschach-Maria Wörth, eingetragene Genossenschaft mit beschränkter Haftung","Finanzinstitut","Plaschischen 45","9074","Keutschach",,,,,,,
"Raiffeisen-Bezirksbank Klagenfurt, registrierte Genossenschaft mit beschränkter Haftung","Finanzinstitut","Bahnhofstraße 3","9020","Klagenfurt am Wörthersee",,,,,,,
"Raiffeisenbank Kötschach - Mauthen, registrierte Genossenschaft mit beschränkter Haftung","Finanzinstitut","Kötschach 7","9640","Kötschach-Mauthen",,,,,,,
"Raiffeisenbank Landskron - Gegendtal, registrierte Genossenschaft mit beschränkter Haftung","Finanzinstitut","Ossiacher Straße 26","9523","Landskron",,,,,,,
"Raiffeisenbank Finkenstein - Faaker See, registrierte Genossenschaft mit beschränkter Haftung","Finanzinstitut","Faakerseestraße 10","9584","Finkenstein",,,,,,,
"Raiffeisenbank Launsdorf, registrierte Genossenschaft mit beschränkter Haftung","Finanzinstitut","Hauptstraße 12","9314","Launsdorf",,,,,,,
"Raiffeisenbank Velden am Wörthersee registrierte Genossenschaft mit beschränkter Haftung","Finanzinstitut","Karawankenplatz 2","9220","Velden/Wörthersee",,,,,,,
"Raiffeisenbank Maltatal, registrierte Genossenschaft mit beschränkter Haftung","Finanzinstitut","Malta 14","9854","Malta/Kärnten",,,,,,,
"Raiffeisenbank Maria Saal registrierte Genossenschaft mit beschränkter Haftung","Finanzinstitut","Raiffeisenplatz 1","9063","Maria Saal",,,,,,,
"Raiffeisenbank Metnitz und Umgebung registrierte Genossenschaft mit beschränkter Haftung","Finanzinstitut","Untermarkt 62","9363","Metnitz",,,,,,,
"Raiffeisenbank Moosburg-Tigring, registrierte Genossenschaft mit beschränkter Haftung","Finanzinstitut","Klagenfurter Straße 5","9062","Moosburg",,,,,,,
"Raiffeisen Bank Lurnfeld-Reißeck registrierte Genossenschaft mit beschränkter Haftung","Finanzinstitut","Hauptstraße 23","9813","Möllbrücke",,,,,,,
"Raiffeisenbank Oberdrauburg, registrierte Genossenschaft mit beschränkter Haftung","Finanzinstitut","Marktstraße 6","9781","Oberdrauburg",,,,,,,
"Raiffeisenbank Mittleres Mölltal, registrierte Genossenschaft mit beschränkter Haftung","Finanzinstitut","Obervellach 57","9821","Obervellach",,,,,,,
"Raiffeisenbank Drautal registrierte Genossenschaft mit beschränkter Haftung","Finanzinstitut","Hauptstraße 163","9711","Paternion",,,,,,,
"Raiffeisenbank Radenthein-Bad Kleinkirchheim registrierte Genossenschaft mit beschränkter Haftung","Finanzinstitut","Hauptstraße 41","9545","Radenthein",,,,,,,
"Raiffeisenbank Reichenau-Gnesau, registrierte Genossenschaft mit beschränkter Haftung","Finanzinstitut","Ebene Reichenau 102","9565","Ebene Reichenau",,,,,,,
"Raiffeisenbank Liesertal, registrierte Genossenschaft mit beschränkter Haftung","Finanzinstitut","Rennweg 6","9863","Rennweg",,,,,,,
"Raiffeisen-Bezirksbank St. Veit a.d. Glan-Feldkirchen, registrierte Genossenschaft mit beschränkter Haftung","Finanzinstitut","Oktoberplatz 1","9300","St. Veit an der Glan",,,,,,,
"Raiffeisenbank Millstättersee eG","Finanzinstitut","Hauptstraße 82","9871","Seeboden",,,,,,,
"Raiffeisenbank Mittleres Lavanttal eGen","Finanzinstitut","St. Andrä","9433","St. Andrä im Lavanttal",,,,,,,
"Raiffeisenbank Rosental, registrierte Genossenschaft mit beschränkter Haftung","Finanzinstitut","Feistritz 126","9181","Feistritz/Rosental",,,,,,,
"Raiffeisenbank Oberes Lavanttal registrierte Genossenschaft mit beschränkter Haftung","Finanzinstitut","Hauptplatz 18","9462","Bad St.Leonhard",,,,,,,
"Raiffeisen Bank Villach registrierte Genossenschaft mit beschränkter Haftung","Finanzinstitut","Nikolaigasse 4","9500","Villach",,,,,,,
"Raiffeisenbank St. Paul im Lavanttal mit Zweiganstalten Maria Rojach und St. Georgen, registrierte Genossenschaft mit beschränkter Haftung","Finanzinstitut","Hauptstraße 26","9470","St.Paul/Lav.",,,,,,,
"Raiffeisenbank Friesach-Metnitztal, registrierte Genossenschaft mit beschränkter Haftung","Finanzinstitut","Hauptplatz 13","9360","Friesach/Ktn.",,,,,,,
"Raiffeisenbank Ossiacher See, registrierte Genossenschaft mit beschränkter Haftung","Finanzinstitut","10.-Oktober-Straße 2","9551","Bodensdorf/Oss.",,,,,,,
"Raiffeisenbank Gurktal, registrierte Genossenschaft mit beschränkter Haftung","Finanzinstitut","Hauptplatz 5","9341","Straßburg",,,,,,,
"Raiffeisenbank Hermagor, registrierte Genossenschaft mit beschränkter Haftung","Finanzinstitut","Gasserplatz 4","9620","Hermagor",,,,,,,
"Raiffeisenbank Völkermarkt, registrierte Genossenschaft mit beschränkter Haftung","Finanzinstitut","Hauptplatz 12","9100","Völkermarkt",,,,,,,
"Raiffeisenbank Wernberg, registrierte Genossenschaft mit beschränkter Haftung","Finanzinstitut","Bundesstraße 15","9241","Wernberg",,,,,,,
"Raiffeisenbank Oberes Mölltal, registrierte Genossenschaft mit beschränkter Haftung","Finanzinstitut","Winklern 37","9841","Winklern",,,,,,,
"Volksbank Bad Goisern eingetragene Genossenschaft","Finanzinstitut","Obere Marktstraße 2","4822","Bad Goisern / Hallstättersee",,,,,,,
"DolomitenBank Osttirol-Westkärnten eG","Finanzinstitut","Südtiroler Platz 9","9900","Lienz",,,,,,,
"Marchfelder Bank eG","Finanzinstitut","Volksbank-Platz 1-2","2230","Gänserndorf",,,,,,,
"Volksbank Kärnten eG","Finanzinstitut","Pernhartgasse 7","9020","Klagenfurt am Wörthersee",,,,,,,
"Volksbank Tirol AG","Finanzinstitut","Meinhardstraße 1","6020","Innsbruck",,,,,,,
"Volksbank Steirisches Salzkammergut, registrierte Genossenschaft mit beschränkter Haftung","Finanzinstitut","Kurhausplatz 298","8990","Bad Aussee",,,,,,,
"VOLKSBANK WIEN AG","Finanzinstitut","Kolingasse 14-16","1090","Wien",,,,,,,
"Volksbank Bad Hall e.Gen.","Finanzinstitut","Hauptplatz 22","4540","Bad Hall",,,,,,,
"Waldviertler Volksbank Horn registrierte Genossenschaft mit beschränkter Haftung","Finanzinstitut","Hauptplatz 10","3580","Horn",,,,,,,
"Österreichische Apothekerbank eG","Finanzinstitut","Spitalgasse 31","1090","Wien",,,,,,,
"Volksbank Steiermark AG","Finanzinstitut","Schmiedgasse 31","8010","Graz",,,,,,,
"Volksbank Oberösterreich AG","Finanzinstitut","Pfarrgasse 5","4600","Wels",,,,,,,
"WSK Bank AG","Finanzinstitut","Weimarer Straße 26-28","1180","Wien",,,,,,,
"Volksbank Salzburg eG","Finanzinstitut","St. Julien-Str. 12","5020","Salzburg",,,,,,,
"Volksbank Almtal e. Gen.","Finanzinstitut","Hauptstraße 16","4644","Scharnstein",,,,,,,
"VOLKSBANK VORARLBERG e. Gen.","Finanzinstitut","Ringstraße 27","6830","Rankweil",,,,,,,
"SPARDA-BANK AUSTRIA eGen","Finanzinstitut","Hamerlingstraße 40","4018","Linz",,,,,,,
"IMMO-BANK Aktiengesellschaft","Finanzinstitut","Stadiongasse 10","1010","Wien",,,,,,,
"Volksbank Niederösterreich AG","Finanzinstitut","Brunngasse 10","3100","St. Pölten",,,,,,,
"VR-Bank Braunau Zweigniederlassung der VR-Bank Rottal-Inn eG","Finanzinstitut","Ringstraße 45","5280","Braunau/Inn",,,,,,,
"HYPO-BANK BURGENLAND Aktiengesellschaft","Finanzinstitut","Neusiedler Straße 33","7000","Eisenstadt",,,,,,,
"Austrian Anadi Bank AG","Finanzinstitut","Domgasse 5","9020","Klagenfurt",,,,,,,
"HYPO NOE Landesbank AG","Finanzinstitut","Hypogasse 1","3100","St.Pölten",,,,,,,
"HYPO NOE Gruppe Bank AG","Finanzinstitut","Hypogasse 1","3100","St.Pölten",,,,,,,
"Oberösterreichische Landesbank Aktiengesellschaft","Finanzinstitut","Landstraße 38","4010","Linz",,,,,,,
"SALZBURGER LANDES-HYPOTHEKENBANK AKTIENGESELLSCHAFT","Finanzinstitut","Residenzplatz 7","5020","Salzburg",,,,,,,
"Landes-Hypothekenbank Steiermark Aktiengesellschaft","Finanzinstitut","Radetzkystraße 15-17","8010","Graz",,,,,,,
"HYPO TIROL BANK AG","Finanzinstitut","Meraner Straße 8","6020","Innsbruck",,,,,,,
"Vorarlberger Landes- und Hypothekenbank Aktiengesellschaft","Finanzinstitut","Hypo-Passage 1","6900","Bregenz",,,,,,,
"Österreichische Hotel- und Tourismusbank Gesellschaft m.b.H.","Finanzinstitut","Parkring 12a","1010","Wien",,,,,,,
"LEASFINANZ Bank GmbH","Finanzinstitut","Operngasse 21","1040","Wien",,,,,,,
"Sberbank Europe AG","Finanzinstitut","Schwarzenbergplatz 3","1010","Wien",,,,,,,
"SPAR-FINANZ BANK AG","Finanzinstitut","Europastraße 3","5015","Salzburg",,,,,,,
"State Street Bank International GmbH Filiale Wien","Finanzinstitut","Schottengasse 4","1010","Wien",,,,,,,
"PSA Bank Österreich, Niederlassung der PSA Bank Deutschland GmbH","Finanzinstitut","Wienerbergstraße 11","1100","Wien",,,,,,,
"Porsche Bank Aktiengesellschaft","Finanzinstitut","Vogelweiderstraße 75","5020","Salzburg",,,,,,,
"SIX Payment Services (Austria) GmbH","Finanzinstitut","Marxergasse 1B","1030","Wien",,,,,,,
"TeamBank Österreich - Niederlassung der TeamBank AG Nürnberg","Finanzinstitut","Fischhof 3/6, Top 301","1010","Wien",,,,,,,
"card complete Service Bank AG","Andere","Lassallestraße 3","1020","Wien",,,,,,,
"SEMPER CONSTANTIA PRIVATBANK AKTIENGESELLSCHAFT","Finanzinstitut","Heßgasse 1","1010","Wien",,,,,,,
"Amundi EUR Geldmarktfonds","Fond","Georg-Coch-Platz 2","1010","Wien",,,,,,,
"Amundi USD Geldmarktfonds","Fond","Georg-Coch-Platz 2","1010","Wien",,,,,,,
"Schoellerbank Kurzinvest","Fond","Sterneckstraße 5","5024","Salzburg",,,,,,,
